project_id,department_code,department,project_name,Status,Contractor,timestamp,remark,contract_exists,specification_exists,initiation_exists,agreement_exists,budget_exists,deliverable1_exists,deliverable2_exists,completion_exists,certificate_exists,evaluation_exists,contract_count,specification_count,initiation_count,agreement_count,budget_count,deliverable1_count,deliverable2_count,completion_count,certificate_count,evaluation_count
20070089,01010,01010_도로부,인천가정 경명로 연결도로외 3개도로 기본 및 실시설계용역,준공,비주관사,2025-03-03 23:58:42,Z:01010_도로\0003 준공사업\2007089_인천가정 경명로 연결도로외 3개도로 기본 및 실시설계용역(LH),1,1,0,1,1,1,1,1,1,0,3,3,0,3,1,3,3,3,2,0
20180019,01010,01010_도로부,고레-마샤-테피 도로 디자인 빌드 프로젝트 개념설계 검토 및 시공감리용역,진행,주관사,2025-03-03 23:58:43,Z:01010_도로\0004 해외사업\C2018019 Ethiopia 고레-마샤-테피 도로 디자인 빌드 프로젝트 개념설계 및 감리,1,0,0,1,1,1,1,1,1,0,3,0,0,3,3,3,1,3,3,0
20190011,01010,01010_도로부,Project Implementation Consultants for SASEC Road Connectivity Project-II(방글라데시),진행,비주관사,2025-03-03 23:58:43,Z:01010_도로\0004 해외사업\C20190011 Bangladash SASEC,1,1,0,1,1,0,0,0,0,0,3,1,0,3,3,0,0,0,0,0
20200058,01010,01010_도로부,국제교류복합지구 도로개선 기본 및 실시설계 용역(3공구),준공,비주관사,2025-03-03 23:58:44,No directory (Project ID 20200058 not found for department 01010),1,1,1,1,1,1,1,1,1,1,3,3,1,3,3,3,1,3,3,1
20200131,01010,01010_도로부,미얀마 GMS Highway Modernization Project 설계 및 감리용역,진행,비주관사,2025-03-03 23:58:44,Z:01010_도로\0004 해외사업\C2020131 미얀마 GMS Highway Modernization Project 설계 및 감리용역,1,1,0,1,1,0,0,0,0,1,3,2,0,3,3,0,0,0,0,1
20200184,01010,01010_도로부,네팔 SASEC Highway Improvement Projcet,진행,주관사,2025-03-03 23:58:44,Z:01010_도로\0004 해외사업\C2020184 네팔 SASEC Highway Improvement Project,1,0,0,1,1,1,1,1,1,0,3,0,0,3,3,3,1,3,3,0
20210210,01010,01010_도로부,용인 포곡스마트 물류단지 진입도로 설계 및 건설단계 건설사업관리용역,진행,주관사,2025-03-03 23:58:45,Z:01010_도로\0003 준공사업\20210210_용인 포곡 스마트 물류단지 진입도로 설계 및 건설단계 건설사업관리용역,1,1,1,0,1,1,1,1,0,0,3,3,3,0,2,3,3,3,0,0
20210235,01010,01010_도로부,신림~봉천 터널 도로건설공사(1공구) 환기소 이전 설계비 인력지원,준공,주관사,2025-03-03 23:58:45,Z:01010_도로\20210235_신림-봉천터널 도로건설공사(1공구) 환기소 이전 설계비 인력지원,1,1,1,0,1,1,1,1,0,0,3,3,1,0,2,3,3,3,0,0
20210251,01010,01010_도로부,국도37호선 양평옥천-가평설악 도로건설공사 기본 및 실시설계용역,준공,비주관사,2025-03-03 23:58:45,Z:01010_도로\20210251 국도37호선 양평 옥천~가평 설악 도로건설공사 기본 및 실시설계용역,1,1,1,1,1,1,1,1,1,0,2,3,3,3,3,3,3,3,3,0
20220020,01010,01010_도로부,남원 주천~고기 국가지원지방도 시설개량공사 기본 및 실시설계용역,진행,비주관사,2025-03-03 23:58:46,Z:01010_도로\20220020_남원 주천-고기 국가지원지방도 시설개량공사 기본 및 실시설계용역(익산청),1,1,1,1,1,1,1,1,1,0,3,3,3,3,3,3,3,3,1,0
20220166,01010,01010_도로부,풍암교차로 정체구간 교통처리 개선사업 기본 및 실시설계용역,준공,주관사,2025-03-03 23:58:46,Z:01010_도로\20220166_풍암교차로 정체구간 교통처리개선사업 기본 및 실시설계 용역(광주광역시),1,1,1,1,1,1,1,1,1,0,3,3,3,3,3,3,3,3,3,0
20220170,01010,01010_도로부,신림~봉천터널 도로건설공사(1공구) 지하차도진출입부 위치변경 설계용역 인력지원,진행,주관사,2025-03-03 23:58:47,Z:01010_도로\20220170_신림-봉천터널 도로건설공사(1공구) 지하차도 진출입부 위치변경 설계용역 인력지원,1,1,1,0,1,1,1,1,0,0,3,3,3,0,2,3,3,2,0,0
20220218,01010,01010_도로부,제천~영월간 고속도로 건설공사 기본 및 실시설계(제4공구),진행,주관사,2025-03-03 23:58:47,Z:01010_도로\20220218_제천~영월간 고속도로 건설공사기본 및 실시설계용역(4공구),1,1,1,1,1,1,1,1,1,0,3,3,3,3,3,3,2,3,3,0
20230018,01010,01010_도로부,제2경춘국도(남양주~춘천) 도로건설공사(제3공구) 실시설계용역,진행,비주관사,2025-03-03 23:58:48,Z:01010_도로\20230018_제2경춘국도(남양주~춘천)도로건설공사(제3공구) 실시설계용역(원주청),1,1,1,1,1,1,1,1,1,0,3,3,3,3,3,3,3,3,2,0
20230040,01010,01010_도로부,신림~봉천 터널 도로건설공사(1공구) 환기시설 기준 변경 설계 인력지원,진행,주관사,2025-03-03 23:58:48,Z:01010_도로\20230040_신림봉천 터널 도로건설공사(1공구) 환기시설 기준 변경 설계 인력지원,1,1,0,0,1,0,0,1,0,0,2,3,0,0,3,0,0,3,0,0
20230066,01010,01010_도로부,국지도23호선 안성 대덕~용인 남사 도로건설공사 등 사전기획조사용역,준공,주관사,2025-03-03 23:58:48,Z:01010_도로\20230066_국지도23호선 안성 대덕~용인 남사 도로건설공사 등 사전기획조사용역(서울청),1,1,1,1,1,1,0,1,1,0,1,3,3,1,3,3,0,3,3,0
20230136,01010,01010_도로부,호국로(학정삼거리) 입체화사업 기본 및 실시설계용역,준공,주관사,2025-03-03 23:58:49,Z:01010_도로\20230136_호국로(학정삼거리)입체화사업 기본 및 실시설계용역(대구광역시 도시건설본부),1,1,1,1,1,1,1,1,1,0,3,3,3,3,3,3,3,3,2,0
20230149,01010,01010_도로부,수서역세권 공공주택지구 조사설계용역 중 밤고개로 보완설계 및 실시계획 변경인가,진행,주관사,2025-03-03 23:58:49,"Z:01010_도로\20230149_수서역세권 공공주택지구 조사설계용역 중 밤고개로 보완설계 및 실시계획 변경인가(LH-도화,동명,선진)",1,1,0,1,1,1,1,1,1,0,3,3,0,1,1,3,3,3,2,0
20230153,01010,01010_도로부,고속국도 제55호 중앙선(김해공항~대동) 확장공사 타당성 및 기본설계 엔지니어링,진행,주관사,2025-03-03 23:58:49,Z:01010_도로\20230153_고속국도 제55호 중앙선(김해공항～대동) 확장공사타당성 및 기본설계(도로공사),1,1,1,1,1,1,1,1,1,0,3,3,3,3,3,3,3,3,3,0
20230185,01010,01010_도로부,성남~장호원(6-1공구) STA.1+742지점 교량설계 용역,진행,주관사,2025-03-03 23:58:49,Z:01010_도로\20230185_성남~장호원(6-1공구) STA.1+742지점 교량설계 용역,1,1,1,0,1,1,1,1,0,0,3,3,1,0,3,3,1,1,0,0
20230191,01010,01010_도로부,소양교 보도육교 실시설계 용역계약,진행,주관사,2025-03-03 23:58:49,Z:01010_도로\20230191_소양교 보도육교 실시설계용역,1,1,0,0,1,1,1,1,0,0,2,2,0,0,1,2,3,2,0,0
20230193,01010,01010_도로부,2023년 6~7월 집중호우 지방도 재해복구사업 실시설계용역,준공,주관사,2025-03-03 23:58:49,Z:01010_도로\20230193_2023년 6~7월 집중호우 지방도 재해복구사업 실시설계용역(경상북도),1,1,1,1,1,1,1,1,1,0,3,3,3,3,3,3,3,3,3,0
20240004,01010,01010_도로부,국도31호선 영월군 북면 문곡~연덕 도로 조사 기술지원,준공,주관사,2025-03-03 23:58:50,Z:01010_도로\20240004 국도31호선 영월군 북면 문곡_연덕 도로조사 기술지원(오대ENG),1,1,1,1,1,1,1,1,0,0,1,3,2,3,1,3,3,3,0,0
20240029,01010,01010_도로부,북면 농어촌도로103호(백담선) 도로교통 개선사업 타당성조사 및 기본계획 검토 용역,준공,주관사,2025-03-03 23:58:51,Z:01010_도로\20240029 북면농어촌도로 103호(백담선)도로교통개선사업 타당성조사 및 기본계획 검토용역(인제군),1,1,1,1,1,0,0,1,1,0,3,3,3,3,3,0,0,3,3,0
20240042,01010,01010_도로부,수도교~벌리신호등 간 도시계획도로 개설 실시설계(보완) 용역,준공,주관사,2025-03-03 23:58:51,Z:01010_도로\0003 준공사업\20240042_수도교-벌리신호등간 도시계획도로 개설 실시설계(보완)(사천시-외부 유출 절대금지. 사천시 업체와 소송중),1,1,1,0,1,1,1,1,1,0,3,3,2,0,2,3,3,3,3,0
20240151,01010,01010_도로부,대동~매리 종점부 선형변경 및 실시설계용역,진행,주관사,2025-03-03 23:58:52,Z:01010_도로\20240151_대동~매리 종점부 선형변경 및 실시설계용역(경상남도-남해종합개발),1,1,1,0,1,1,1,1,1,0,3,3,3,0,1,3,3,2,2,0
20230087,01020,01020_공항및인프라사업부,(용역)새만금국제공항 건설공사 기본설계 설계용역(공항/토질 및 기초),준공,주관사,2025-03-03 23:58:48,Z:01020_공항인프라\1. 진행사업\C20230087_(용역)새만금국제공항 건설공사 기본설계 설계용역(공항토질 및 기초),1,0,0,0,1,0,0,0,0,0,2,0,0,0,2,0,0,0,0,0
20230236,01020,01020_공항및인프라사업부,지방공항 개발 로드맵 수립용역,준공,주관사,2025-03-03 23:58:50,Z:01020_공항인프라\1. 진행사업\C20230236_지방공항 개발 로드맵 수립용역,1,1,1,1,1,1,0,1,1,0,1,3,3,3,1,3,0,3,3,0
20180053,01030,01030_구조부,아르메니아-조지아 국경Bagratashen교량 건설 시공감리용역,진행,주관사,2025-03-03 23:58:43,Z:01030_구조\2018053 아르메니아-조지아 New Bagratashen Bridge 시공감리용역,1,0,0,1,1,1,0,1,1,0,3,0,0,3,3,3,0,3,3,0
20190217,01030,01030_구조부,금호워터폴리스 산업단지 진입도로 건설 기본 및 실시설계용역,준공,비주관사,2025-03-03 23:58:44,Z:01030_구조\2019217_금호워터폴리스 산업단지 진입도로 건설 기본 및 실시설계,1,1,1,1,1,1,1,1,1,0,3,3,3,1,3,3,3,3,3,0
20220079,01030,01030_구조부,타지키스탄 CARs-4/QCBS-01 도로 업그레이드 건설 기본 및 실시설계,준공,비주관사,2025-03-03 23:58:46,Z:01030_구조\20220079 타지키스탄 CARs-4QCBS-01 도로 업그레이드 건설 기본 및 실시설계,1,0,0,1,1,0,0,1,1,0,3,0,0,2,3,0,0,1,3,0
20220223,01030,01030_구조부,영동대로 지하공간 복합개발 4공구 건설공사(토목) 변경설계,준공,비주관사,2025-03-03 23:58:47,Z:01030_구조\20220223 영동대로 지하공간 복합개발 4공구 변경설계,1,1,0,0,1,1,1,0,1,0,3,2,0,0,2,3,3,0,2,0
20230029,01030,01030_구조부,남양주왕숙 국도47호선 이설(지하화)공사 T/K 입찰(기본)설계 용역,준공,비주관사,2025-03-03 23:58:48,Z:01030_구조\20230029_남양주왕숙 국도47호선 이설(지하화)공사 실시설계 용역,0,1,0,0,0,1,0,0,0,0,0,3,0,0,0,2,0,0,0,0
20230128,01030,01030_구조부,2023년 교량 내진성능평가 및 내진보강 설계용역(1구간),준공,비주관사,2025-03-03 23:58:49,Z:01030_구조\20230128 2023년 교량 내진성능평가 및 내진보강 설계용역(1구간),0,1,1,1,1,1,1,1,1,0,0,3,3,3,2,3,3,2,1,0
20230216,01030,01030_구조부,광주송정~순천 철도건설 제4공구 건설공사 입찰설계 (구조),준공,주관사,2025-03-03 23:58:50,Z:01030_구조\20230216 광주송정~순천 철도건설 제4공구 건설공사 기본설계,1,1,1,1,1,1,1,1,1,0,3,3,3,1,1,3,3,3,1,0
20230240,01030,01030_구조부,고속국도 제30호 서산~영덕선 대산~당진간 건설공사(제3공구) 대안제시형 낙찰제 설계용역,준공,주관사,2025-03-03 23:58:50,Z:01030_구조\20230240 고속국도 제30호 서산-영덕선(대산-당진간)건설공사 제3공구 대안제시형 낙찰제 설계용역,1,1,0,1,1,1,1,1,0,0,1,3,0,3,3,3,3,3,0,0
20240140,01030,01030_구조부,"""송산그린시티 서측지구 도시물순환 및 블루그린네트워크(1단계) 조성공사(제2공구)"" T/K 기본설계 용역",진행,비주관사,2025-03-03 23:58:51,Z:01030_구조\20240140_송산그린시티 서측지구 도시물순환 및 블루그린네트워크(1단계) 조성공사(제2공구) TK 기본설계 용역,0,1,0,0,1,1,1,0,0,0,0,1,0,0,3,3,3,0,0,0
20240145,01030,01030_구조부,고속국도 제30호 서산~영덕선 대산~당진간 건설공사(제3공구) 대안제시형 낙찰제 반영설계용역,준공,주관사,2025-03-03 23:58:51,Z:01030_구조\20240145 고속국도 제30호 서산-영덕선(대산-당진간) 건설공사 (제3공구) 대안제시형 낙찰제 반영설계용역,1,1,0,0,0,1,1,0,0,0,1,1,0,0,0,3,3,0,0,0
20240179,01030,01030_구조부,서울도시철도7호선 청라국제도시연장 추가정거장(005-1) 건설공사 기술제안 입찰용역,진행,비주관사,2025-03-03 23:58:52,Z:01030_구조\20240179 서울도시철도7호선 청라국제도시연장 추가정거장(005-1)건설공사 기술제안,1,1,0,1,1,1,1,1,1,0,3,2,0,2,1,3,3,2,3,0
20190088,02010,02010_상하수도부,백석천 비점오염 저감사업 기본 및 실시설계 용역,준공,주관사,2025-03-03 23:58:43,No directory (Project ID 20190088 not found for department 02010),1,1,1,1,1,1,1,1,1,0,3,3,3,3,3,3,3,3,2,0
20200218,02010,02010_상하수도부,거제시 지방상수도 현대화사업 기본 및 실시설계 용역,준공,주관사,2025-03-03 23:58:44,No directory (Project ID 20200218 not found for department 02010),1,1,1,1,0,1,1,1,1,0,3,3,3,2,0,3,3,3,3,0
20210129,02010,02010_상하수도부,회야하수처리시설 증설사업 실시설계용역,준공,비주관사,2025-03-03 23:58:45,No directory (Project ID 20210129 not found for department 02010),1,1,1,1,0,1,1,1,1,0,3,3,2,1,0,3,3,3,3,0
20210165,02010,02010_상하수도부,성산 농어촌마을 하수도 설치사업 실시설계 용역,준공,주관사,2025-03-03 23:58:45,No directory (Project ID 20210165 not found for department 02010),1,1,1,1,1,1,1,1,1,1,3,3,3,1,2,3,3,2,1,1
20220035,02010,02010_상하수도부,하수도정비 중점관리지역(동천배수구역) 정비사업 기본 및 실시설계용역,준공,주관사,2025-03-03 23:58:46,No directory (Project ID 20220035 not found for department 02010),1,1,1,1,1,1,1,1,1,0,3,3,3,3,3,3,3,3,3,0
20220094,02010,02010_상하수도부,상계1-3 소구역 하수관로 정비사업 기본 및 실시설계용역,준공,비주관사,2025-03-03 23:58:46,No directory (Project ID 20220094 not found for department 02010),1,1,1,1,1,0,0,1,1,0,3,3,2,2,1,0,0,3,3,0
20220123,02010,02010_상하수도부,군산공업용수도 노후관 개량사업(1차) 기본 및 실시설계용역,준공,비주관사,2025-03-03 23:58:46,No directory (Project ID 20220123 not found for department 02010),1,1,1,1,1,0,0,1,1,0,3,2,2,3,2,0,0,3,3,0
20220151,02010,02010_상하수도부,광양만권경제자유구역 경도지구 오수처리계획 변경 용역,진행,주관사,2025-03-03 23:58:46,No directory (Project ID 20220151 not found for department 02010),1,0,0,0,1,1,1,1,1,0,1,0,0,0,1,1,3,2,1,0
20220261,02010,02010_상하수도부,광역 및 공업용수도 자산관리체계 시범구축 확대 용역(3권역),준공,비주관사,2025-03-03 23:58:47,No directory (Project ID 20220261 not found for department 02010),1,1,1,1,1,1,0,1,1,0,3,3,3,3,1,3,0,3,1,0
20230007,02010,02010_상하수도부,봉화군 물 재이용 관리계획(변경) 수립 용역,준공,주관사,2025-03-03 23:58:48,No directory (Project ID 20230007 not found for department 02010),1,1,1,1,1,1,1,1,1,0,3,3,1,1,2,3,3,3,3,0
20230041,02010,02010_상하수도부,창원남천유역 비점오염저감시설 설치사업 기본 및 실시설계 용역,준공,주관사,2025-03-03 23:58:48,No directory (Project ID 20230041 not found for department 02010),1,1,1,0,1,1,1,1,0,0,3,2,2,0,1,3,3,1,0,0
20230099,02010,02010_상하수도부,동해북부 단위유역 유역하수도 정비계획 변경수립용역,준공,비주관사,2025-03-03 23:58:48,No directory (Project ID 20230099 not found for department 02010),1,1,1,1,1,1,0,1,0,0,2,1,2,3,2,3,0,2,0,0
20230107,02010,02010_상하수도부,합천군 정수장 기술진단 용역,준공,Unknown,2025-03-03 23:58:48,No directory (Project ID 20230107 not found in project list for any department),0,0,0,0,0,0,0,0,0,0,0,0,0,0,0,0,0,0,0,0
20230123,02010,02010_상하수도부,청도군 물 재이용 관리계획(변경) 수립 용역,준공,주관사,2025-03-03 23:58:49,No directory (Project ID 20230123 not found for department 02010),0,1,1,0,1,1,1,1,1,0,0,3,1,0,1,3,3,3,2,0
20230124,02010,02010_상하수도부,새다리 중계펌프장 주변 침수원인 조사용역,준공,주관사,2025-03-03 23:58:49,No directory (Project ID 20230124 not found for department 02010),0,1,1,0,0,1,0,1,0,0,0,3,1,0,0,3,0,2,0,0
20230166,02010,02010_상하수도부,(2023/24 KSP-IDB 공동컨설팅) 아르헨티나 하수처리수 재이용 계획 수립 용역,준공,주관사,2025-03-03 23:58:49,No directory (Project ID 20230166 not found for department 02010),1,1,1,1,0,1,1,1,1,0,3,3,3,3,0,3,2,2,3,0
20230171,02010,02010_상하수도부,호산동 일원 노후하수관로 정비사업 실시설계용역,준공,주관사,2025-03-03 23:58:49,No directory (Project ID 20230171 not found for department 02010),1,1,0,1,1,1,1,1,0,0,3,3,0,3,1,3,3,3,0,0
20230183,02010,02010_상하수도부,승기하수처리구역 하수관로 기술진단 용역,준공,비주관사,2025-03-03 23:58:49,No directory (Project ID 20230183 not found for department 02010),1,1,1,1,1,1,1,1,1,0,3,3,3,3,3,3,2,3,3,0
20240136,02010,02010_상하수도부,양산시 수도정비기본계획 부분변경 용역,준공,주관사,2025-03-03 23:58:51,No directory (Project ID 20240136 not found for department 02010),1,1,1,1,0,1,1,1,0,0,1,3,2,3,0,3,3,3,0,0
20240234,02010,02010_상하수도부,신현통합배수지 블록분할 변경 실시설계 용역,진행,Unknown,2025-03-03 23:58:52,No directory (Project ID 20240234 not found in project list for any department),0,0,0,0,0,0,0,0,0,0,0,0,0,0,0,0,0,0,0,0
20170185,04010,04010_도시계획부,속초00지구 토지이용구상 및 사업타당성조사 용역 인력지원,준공,주관사,2025-03-03 23:58:43,Z:04010_도시계획\3팀\2017-185. 속초00지구 토지이용이상 및 사업타당성조사,1,1,1,0,1,1,1,1,0,0,3,3,1,0,2,3,1,3,0,0
20180067,04010,04010_도시계획부,고양 59개 GB해제취락 도시관리계획 재정비용역,준공,비주관사,2025-03-03 23:58:43,Z:04010_도시계획\3팀\## 준공 (조사설계 제외)\2018-067. 고양 59개 GB해제취락 도시관리계획 재정비용역,0,1,1,1,0,1,0,1,1,0,0,2,2,3,0,1,0,3,3,0
20190120,04010,04010_도시계획부,합천군 관리계획(재정비) 수립 용역,준공,비주관사,2025-03-03 23:58:43,Z:04010_도시계획\창원팀\2019-120. 합천군 관리계획(재정비) 수립용역,1,1,1,1,1,1,0,0,0,0,2,2,1,2,1,1,0,0,0,0
20190132,04010,04010_도시계획부,원주 반곡동 민간임대주택사업 기본계획 및 지구단위계획 수립 용역,진행,주관사,2025-03-03 23:58:43,Z:04010_도시계획\1팀\2019-132. 원주 반곡동 민간임대주택사업 기본계획 및 지구단위계획 수립 용역,1,1,0,0,1,1,1,0,0,0,3,1,0,0,1,2,3,0,0,0
20190160,04010,04010_도시계획부,횡성 앞들2지구 도시개발사업 수립용역(환지방식),준공,주관사,2025-03-03 23:58:44,Z:04010_도시계획\1팀\2019-160. 횡성 앞들2지구 도시개발사업 수립용역(환지방식),1,1,1,1,1,1,1,1,0,0,2,3,3,3,2,1,1,1,0,0
20200097,04010,04010_도시계획부,서울00위탁개발사업 지정 제안 및 사전재해영향성 검토 용역,준공,주관사,2025-03-03 23:58:44,Z:04010_도시계획\1팀\2020-097. 서울00위탁개발사업 지정제안 및 사전재해영향성 검토용역,1,1,1,0,1,1,1,0,0,0,3,3,2,0,1,3,1,0,0,0
20200197,04010,04010_도시계획부,2040년 세종도시기본계획 수립 용역,준공,주관사,2025-03-03 23:58:44,Z:04010_도시계획\1팀\2020-197. 2040년 세종도시기본계획 수립 용역,1,1,1,1,1,1,1,0,0,0,1,3,3,2,1,3,3,0,0,0
20200279,04010,04010_도시계획부,남해 해안경관지구 프로젝트 기본구상 용역,준공,주관사,2025-03-03 23:58:44,Z:04010_도시계획\창원팀\2020-279. 남해 해안경관지구 프로젝트 기본구상 용역,1,1,1,0,0,1,0,0,0,0,1,3,3,0,0,1,0,0,0,0
20210166,04010,04010_도시계획부,태백 철암 고터실 산업단지 조성사업 개발계획수립 및 기본.실시설계 용역,준공,비주관사,2025-03-03 23:58:45,"Z:04010_도시계획\3팀\2021-166. 태백 철암 고터실 산업단지 조성사업 개발계획수립 및 기본,실시설계 용역",1,0,1,1,1,1,1,1,1,0,3,0,3,3,3,3,1,3,3,0
20210219,04010,04010_도시계획부,인천 항동 물류창고 개발사업 용역,진행,주관사,2025-03-03 23:58:45,Z:04010_도시계획\2팀\2021-219. 인천 항동 물류창고 개발사업 용역,1,0,0,0,1,0,0,1,0,0,3,0,0,0,3,0,0,2,0,0
20220001,04010,04010_도시계획부,세종 눌왕지구 도시개발사업 조사설계용역,진행,주관사,2025-03-03 23:58:45,Z:04010_도시계획\1팀\2022-001. 세종 눌왕지구 도시개발사업 조사설계용역★,1,1,0,1,1,1,0,0,1,0,3,2,0,3,3,3,0,0,3,0
20220003,04010,04010_도시계획부,세종 눌왕지구 도시개발사업 조사설계용역(재해),진행,주관사,2025-03-03 23:58:45,Z:04010_도시계획\해외사업\해외사업 월간회의\2022.03(04.25),0,0,0,0,0,0,0,0,0,0,0,0,0,0,0,0,0,0,0,0
20220074,04010,04010_도시계획부,평택시 성장관리계획 수립 용역,준공,비주관사,2025-03-03 23:58:46,Z:04010_도시계획\2팀\2022-074. 평택시 성장관리계획 수립 용역,1,1,1,1,1,1,0,0,0,0,2,2,2,2,1,1,0,0,0,0
20220134,04010,04010_도시계획부,경기21 공공주택 03지구 및 04지구 사업타당성조사 용역,준공,주관사,2025-03-03 23:58:46,Z:04010_도시계획\2팀\2022-134. 경기21 공공주택 03지구 및 04지구 사업타당성조사 용역,1,1,1,0,1,1,0,0,0,0,2,3,3,0,1,3,0,0,0,0
20220210,04010,04010_도시계획부,베트남 흥옌성 산업단지 1구역 사업타당성 조사용역,준공,주관사,2025-03-03 23:58:47,Z:04010_도시계획\2팀\00 준공과업\2022-210. 베트남 흥옌성 산업단지 1구역 사업타당성 조사용역,1,1,1,1,1,1,0,0,0,0,1,2,3,3,1,3,0,0,0,0
20220215,04010,04010_도시계획부,에티오피아 아디스아바바 강변개발 마스터플랜 수립지원 및 Sheger강 상류 수질 및 수변정화 사업 PMC 용역,준공,비주관사,2025-03-03 23:58:47,Z:04010_도시계획\3팀\2022-215. 에티오피아 아디스아바바 강변개발 마스터플랜 수립지원 및 Sheger강 상류 수질 및 수변정화 사업,0,0,0,1,1,0,0,0,1,0,0,0,0,1,1,0,0,0,3,0
20220262,04010,04010_도시계획부,경남항공 국가산단 스마트그린산단 종합계획 수립,준공,비주관사,2025-03-03 23:58:48,Z:04010_도시계획\창원팀\2022-262. 경남항공 국가산단 스마트그린산단 종합계획 수립,1,1,1,1,1,0,0,0,0,0,2,3,3,1,1,0,0,0,0,0
20230003,04010,04010_도시계획부,당진 성장관리계획구역 지정 및 성장관리계획 수립 용역,준공,주관사,2025-03-03 23:58:48,No directory (Project ID 20230003 not found for department 04010),0,0,0,0,0,1,0,0,0,0,0,0,0,0,0,3,0,0,0,0
20230044,04010,04010_도시계획부,우주발사체 사이언스 콤플렉스 조성 타당성조사 기획연구,준공,주관사,2025-03-03 23:58:48,Z:04010_도시계획\2팀\2023-044. 우주발사체 사이언스 콤플렉스 조성 타당성조사 기획연구,0,0,0,0,0,0,0,0,0,0,0,0,0,0,0,0,0,0,0,0
20230121,04010,04010_도시계획부,베트남 하남 신도시 개발사업 예비 타당성조사,준공,비주관사,2025-03-03 23:58:49,Z:04010_도시계획\2팀\00 준공과업\2023-121. 베트남 하남신도시 개발사업 예비타당성조사,1,1,1,0,1,1,0,0,1,1,3,3,3,0,1,3,0,0,3,1
20230218,04010,04010_도시계획부,고성군 성장관리계획구역 지정 및 관리계획 수립 용역,준공,비주관사,2025-03-03 23:58:50,Z:04010_도시계획\창원팀\2023-218. 고성군 성장관리계획구역 지정 및 관리계획 수립 용역,0,1,1,1,1,0,0,0,0,0,0,1,1,1,1,0,0,0,0,0
20240083,04010,04010_도시계획부,남부화물선 개발제한구역 관리계획변경(경미한 변경) 용역,준공,Unknown,2025-03-03 23:58:51,No directory (Project ID 20240083 not found in project list for any department),0,0,0,0,0,0,0,0,0,0,0,0,0,0,0,0,0,0,0,0
20140103,06010,06010_환경사업부,고막원천 다시2지구 등 3개사업 사후환경영향조사용역,준공,비주관사,2025-03-03 23:58:42,Z:06010_환경\2팀\02.사후환경영향조사\2014103┃고막원천 다시2지구 등 3개사업,1,1,1,1,1,1,1,1,1,0,3,3,3,3,3,3,3,3,3,0
20150153,06010,06010_환경사업부,삽교천 삽교지구 하천환경정비사업 사후환경영향조사용역,준공,주관사,2025-03-03 23:58:42,Z:06010_환경\1팀\02.사후환경영향조사\@완료\2015153┃삽교천 삽교지구 하천환경정비사업,1,1,1,1,1,1,1,1,1,0,3,3,3,3,3,3,3,3,3,0
20160031,06010,06010_환경사업부,중앙선 도담~영천 복선전철(안동~영천구간) 사후환경영향조사 용역,진행,주관사,2025-03-03 23:58:42,Z:06010_환경\1팀\02.사후환경영향조사\20160031┃중앙선 도담~영천 복선전철(안동~영천구간) 사후환경영향조사 용역(추가분),1,1,1,1,1,1,1,1,1,1,3,3,3,3,3,3,3,3,3,1
20170064,06010,06010_환경사업부,파주~양주.포천 고속도로 건설사업 사후환경영향조사 용역,진행,비주관사,2025-03-03 23:58:42,"Z:06010_환경\2팀\02.사후환경영향조사\2017064┃파주-양주, 포천 고속도로 건설사업",1,1,1,1,1,1,1,1,1,0,3,3,3,3,3,3,3,3,3,0
20170189,06010,06010_환경사업부,포승~평택 철도건설(안중~오성) 사후환경영향조사용역,진행,주관사,2025-03-03 23:58:43,Z:06010_환경\2팀\02.사후환경영향조사\2017189┃포승~평택 철도건설(안중~오성),1,1,1,1,1,1,1,1,1,0,3,3,3,3,3,3,3,3,3,0
20180134,06010,06010_환경사업부,남강+남강댐권역 하천기본계획수립 전략환경영향평가 용역,준공,비주관사,2025-03-03 23:58:43,Z:06010_환경\2팀\03.전략환경영향평가\2018134┃남강+남강댐권역 하천기본계획수립,1,1,1,1,1,1,1,1,1,0,3,3,3,3,3,3,3,3,3,0
20200115,06010,06010_환경사업부,군산항 장항항 사후환경영향조사용역,준공,주관사,2025-03-03 23:58:44,Z:06010_환경\1팀\02.사후환경영향조사\20200115┃군산항 장항항 사후환경영향조사용역,1,1,1,1,1,1,1,1,1,0,3,3,3,3,3,3,3,3,3,0
20210090,06010,06010_환경사업부,충북20공공지원1 전략환경영향평가 용역,준공,주관사,2025-03-03 23:58:44,Z:06010_환경\1팀\03.전략환경영향평가\@완료\2021090ㅣ충북20공공지원1 전략(LH 충북지역본부),1,1,1,0,1,1,1,0,1,0,3,3,3,0,3,3,3,0,3,0
20210112,06010,06010_환경사업부,황강 용주지구 하천환경정비사업 환경영향평가용역,준공,주관사,2025-03-03 23:58:45,Z:06010_환경\2팀\01.환경영향평가\2021112┃황강 용주지구 하천환경정비사업 환경영향평가,1,1,1,1,1,1,1,1,1,0,3,3,3,3,3,3,3,3,3,0
20210135,06010,06010_환경사업부,아산국가산업단지(우정지구)유보지 조성사업 환경영향평가 용역,진행,주관사,2025-03-03 23:58:45,Z:06010_환경\1팀\01.환경영향평가\20210135ㅣ아산국가산업단지(우정지구)유보지 개발사업,1,1,1,1,1,1,1,0,0,0,3,3,3,1,3,3,3,0,0,0
20210199,06010,06010_환경사업부,황룡강 송정지구 소규모환경영향평가용역,준공,Unknown,2025-03-03 23:58:45,No directory (Project ID 20210199 not found in project list for any department),0,0,0,0,0,0,0,0,0,0,0,0,0,0,0,0,0,0,0,0
20210204,06010,06010_환경사업부,섬진강댐 및 섬진강댐 하류권역 하천기본계획 전략환경영향평가용역,준공,비주관사,2025-03-03 23:58:45,Z:06010_환경\2팀\03.전략환경영향평가\2021204ㅣ섬진강댐 및 섬진강댐하류권역 전략환경영향평가,1,1,1,1,0,1,1,1,1,0,3,3,3,3,0,3,3,3,3,0
20210218,06010,06010_환경사업부,축산자원개발부 이전사업 전략환경영향평가 용역,준공,Unknown,2025-03-03 23:58:45,No directory (Project ID 20210218 not found in project list for any department),0,0,0,0,0,0,0,0,0,0,0,0,0,0,0,0,0,0,0,0
20220004,06010,06010_환경사업부,세종 눌왕지구 도시개발사업 조사설계용역(환경),진행,주관사,2025-03-03 23:58:46,Z:06010_환경\1팀\01.환경영향평가\20220004ㅣ세종 눌왕지구 도시개발사업 조사설계용역(환경),1,0,0,0,1,1,0,1,0,0,2,0,0,0,3,1,0,1,0,0
20220116,06010,06010_환경사업부,송지천 등 5개 하천 하천재해예방사업 전략 및 소규모환경영향평가용역,준공,주관사,2025-03-03 23:58:46,Z:06010_환경\1팀\03.전략환경영향평가\20220116┃송지천 등 5개하천 재해예방사업 전략 및 소규모환경영향평가 용역,1,1,1,1,1,1,1,0,1,0,3,3,3,3,3,3,3,0,3,0
20220149,06010,06010_환경사업부,보청천권역 하천기본계획수립 전략환경영향평가용역,준공,비주관사,2025-03-03 23:58:46,Z:06010_환경\1팀\03.전략환경영향평가\@완료\20220149┃보청천권역 하천기본계획수립 전략환경영향평가,1,1,1,1,1,1,1,1,1,0,1,3,3,3,3,3,1,3,3,0
20220186,06010,06010_환경사업부,(재)삼성개발공원묘원 자연장지 조성사업 도시관리계획 변경 및 실시계획인가 용역(환경),진행,주관사,2025-03-03 23:58:47,Z:06010_환경\2팀\01.환경영향평가\2022186┃삼성개발공원묘원 자연장지 조성사업(환경),1,1,0,0,1,1,0,0,0,0,3,3,0,0,3,3,0,0,0,0
20220190,06010,06010_환경사업부,파크골프장 추가 조성 소규모환경영향평가 용역,준공,주관사,2025-03-03 23:58:47,Z:06010_환경\2팀\04.소규모환경영향평가\20220190ㅣ파크골프장 추가조성 소규모환경영향평가,1,1,1,1,1,1,1,1,1,0,3,3,3,3,3,3,3,3,3,0
20220240,06010,06010_환경사업부,성남복정2 공공주택지구 환경보전방안 검토서 작성용역(3차),준공,주관사,2025-03-03 23:58:47,Z:06010_환경\1팀\01.환경영향평가\@완료\20220240ㅣ성남복정2 환경보전방안(3차),1,1,1,0,1,1,1,1,1,0,3,2,3,0,3,1,3,3,2,0
20220243,06010,06010_환경사업부,태안 근흥 정죽~두야 도로건설공사 전략 및 환경영향평가,진행,주관사,2025-03-03 23:58:47,Z:06010_환경\1팀\01.환경영향평가\20220243┃태안 근흥 정죽~두야 전략 및 환경영향평가,1,1,1,0,1,1,0,1,1,0,3,3,3,0,2,3,0,3,3,0
20220251,06010,06010_환경사업부,위례신사선 도시철도 민간투자사업 환경영향평가 용역,준공,주관사,2025-03-03 23:58:47,Z:06010_환경\2팀\01.환경영향평가\2022251ㅣ위례신사선 도시철도 민간투자사업 환경영향평가,1,1,0,0,1,1,0,1,0,0,3,3,0,0,3,3,0,3,0,0
20230046,06010,06010_환경사업부,당본지구 급경사지 붕괴위험지역 정비사업 소규모환경영향평가 용역,준공,주관사,2025-03-03 23:58:48,Z:06010_환경\1팀\04.소규모환경영향평가\20230046┃당본지구 급경사지 붕괴위험지역 정비사업 소규모환경영향평가 용역,1,1,1,0,1,1,1,1,1,0,3,3,3,0,3,3,2,3,1,0
20230177,06010,06010_환경사업부,안양천 파크골프장18홀 소규모 환경영향평가 용역,준공,Unknown,2025-03-03 23:58:49,No directory (Project ID 20230177 not found in project list for any department),0,0,0,0,0,0,0,0,0,0,0,0,0,0,0,0,0,0,0,0
20230199,06010,06010_환경사업부,용인~광주 고속화도로 민간투자사업 전략환경영향평가 용역,진행,주관사,2025-03-03 23:58:50,Z:06010_환경\1팀\03.전략환경영향평가\20230199ㅣ용인~광주 고속화도로 민간투자사업 전략환경영향평가,1,1,1,0,1,1,1,0,1,0,3,3,1,0,3,3,1,0,2,0
20230202,06010,06010_환경사업부,안양천 파크골프장 소규모환경영향평가 용역,준공,주관사,2025-03-03 23:58:50,Z:06010_환경\1팀\04.소규모환경영향평가\@완료\(완료) 20230202┃안양천 금천구 파크골프장 소규모환경영향평가 용역,1,1,1,0,1,1,1,1,1,0,3,3,3,0,3,3,3,3,2,0
20230222,06010,06010_환경사업부,평택~오송 2복선화 건설사업 사후환경영향조사용역,진행,주관사,2025-03-03 23:58:50,Z:06010_환경\2팀\02.사후환경영향조사\20230222ㅣ평택~오송 2복선화 건설사업 사후환경영향조사용역,1,1,1,1,1,1,1,1,1,0,3,3,3,3,3,3,3,3,3,0
20230234,06010,06010_환경사업부,남한강 에스파크CC 사후환경영향조사용역(공사시) 및 환경보전방안 (1분기),준공,주관사,2025-03-03 23:58:50,Z:06010_환경\1팀\02.사후환경영향조사\20240009 I 남한강 에스파크CC 조성사업 사후환경영향조사 용역\20230234 I 남한강 에스파크CC 사후환경영향조사용역(공사시) 및 환경보전방안 (1분기),1,1,1,0,1,1,1,1,1,0,3,3,3,0,3,3,2,3,1,0
20240021,06010,06010_환경사업부,아산연수원 內 환경영향평가 용역,준공,주관사,2025-03-03 23:58:51,Z:06010_환경\1팀\04.소규모환경영향평가\@완료\(완료) 20240021ㅣ아산연수원 內 야영장 조성에 대한 소규모 환경영향평가 용역,1,1,1,0,1,1,0,1,1,0,3,2,3,0,3,3,0,3,1,0
20240058,06010,06010_환경사업부,우가항 어촌정주어항 지정 및 어항개발계획수립 일반해역이용협의용역,준공,Unknown,2025-03-03 23:58:51,No directory (Project ID 20240058 not found in project list for any department),0,0,0,0,0,0,0,0,0,0,0,0,0,0,0,0,0,0,0,0
20240060,06010,06010_환경사업부,성남복정1 공공주택지구 환경보전방안 검토서 작성용역(2차),준공,주관사,2025-03-03 23:58:51,Z:06010_환경\1팀\01.환경영향평가\@완료\20240060 l 성남복정1 환경보전방안(2차),1,1,1,0,1,0,1,1,1,0,3,3,3,0,1,0,3,3,2,0
20240088,06010,06010_환경사업부,광주송정~순천 철도건설사업 환경영향평가,진행,Unknown,2025-03-03 23:58:51,No directory (Project ID 20240088 not found in project list for any department),0,0,0,0,0,0,0,0,0,0,0,0,0,0,0,0,0,0,0,0
20240178,06010,06010_환경사업부,"월곶~판교 복선전철 건설사업(제2~5, 7, 9~10공구) 사후환경영향조사용역",진행,주관사,2025-03-03 23:58:52,"Z:06010_환경\2팀\02.사후환경영향조사\20240178ㅣ월곶_판교 복선전철 건설사업(제2_5, 7, 9_10공구) 사후환경영향조사용역",1,1,1,1,1,1,1,1,1,1,3,3,3,3,3,3,3,3,3,1
20180071,07010,07010_수자원부,한강(섬강~국가기점) 하천기본계획 수립 및 하천시설 관리대장 작성 용역,준공,비주관사,2025-03-03 23:58:43,No directory (Project ID 20180071 not found for department 07010),1,1,1,1,1,1,0,0,1,0,3,3,3,3,3,3,0,0,3,0
20180074,07010,07010_수자원부,남강 하천기본계획 및 하천시설관리대장작성 용역,준공,비주관사,2025-03-03 23:58:43,No directory (Project ID 20180074 not found for department 07010),1,1,1,1,1,1,0,1,0,0,3,3,3,3,2,3,0,2,0,0
20190123,07010,07010_수자원부,보청천권역 하천기본계획 및 하천시설관리대장작성용역,준공,비주관사,2025-03-03 23:58:43,No directory (Project ID 20190123 not found for department 07010),1,1,1,1,1,1,1,1,1,1,3,3,3,3,3,3,3,3,1,3
20200114,07010,07010_수자원부,서울특별시 자연재해저감 종합계획 수립 용역(강북지역),준공,비주관사,2025-03-03 23:58:44,No directory (Project ID 20200114 not found for department 07010),1,1,1,1,1,1,0,1,1,0,3,3,3,3,1,3,0,3,3,0
20210083,07010,07010_수자원부,주안지구 우수저류시설 설치사업 실시설계용역,준공,비주관사,2025-03-03 23:58:44,No directory (Project ID 20210083 not found for department 07010),1,1,1,1,1,0,0,1,0,0,3,2,2,3,3,0,0,2,0,0
20210101,07010,07010_수자원부,이천 친환경조성사업 외 1건 기본 및 실시설계 용역,준공,비주관사,2025-03-03 23:58:44,No directory (Project ID 20210101 not found for department 07010),1,1,1,0,1,1,1,1,0,0,3,3,3,0,3,3,3,3,0,0
20210242,07010,07010_수자원부,가사 자연재해위험개선지구 정비사업 실시설계용역,준공,주관사,2025-03-03 23:58:45,No directory (Project ID 20210242 not found for department 07010),1,1,1,1,1,1,1,1,1,0,3,3,3,3,3,3,3,3,3,0
20210250,07010,07010_수자원부,윗배우니천(소하천) 정비사업 실시설계 용역,준공,주관사,2025-03-03 23:58:45,No directory (Project ID 20210250 not found for department 07010),1,1,1,1,1,1,0,0,0,0,3,1,3,2,1,1,0,0,0,0
20220056,07010,07010_수자원부,다산 자연재해위험개선지구 정비사업 실시설계 용역,준공,주관사,2025-03-03 23:58:46,No directory (Project ID 20220056 not found for department 07010),1,1,1,1,1,1,1,0,1,0,3,3,3,3,3,3,3,0,3,0
20220073,07010,07010_수자원부,계실지구 다목적농촌용수개발사업 세부설계 외주용역,준공,주관사,2025-03-03 23:58:46,No directory (Project ID 20220073 not found for department 07010),1,1,1,1,1,1,1,1,1,0,3,3,3,3,3,3,3,3,3,0
20220090,07010,07010_수자원부,예산군 소규모공공시설 안전점검 및 정비계획 수립용역,준공,주관사,2025-03-03 23:58:46,No directory (Project ID 20220090 not found for department 07010),0,0,0,0,0,0,0,0,0,0,0,0,0,0,0,0,0,0,0,0
20220219,07010,07010_수자원부,소하천구역 지정 및 지형도면고시(후동소하천 외 2개소 소하천정비사업) 용역,준공,주관사,2025-03-03 23:58:47,No directory (Project ID 20220219 not found for department 07010),1,1,1,0,1,1,1,0,1,0,1,2,3,0,1,3,3,0,1,0
20220267,07010,07010_수자원부,용동천 외 1개 하천 재해복구사업 실시설계용역,준공,주관사,2025-03-03 23:58:48,No directory (Project ID 20220267 not found for department 07010),1,1,1,1,1,1,1,1,1,0,3,3,3,3,3,3,3,3,3,0
20230031,07010,07010_수자원부,보성군 조성 자연재해위험 개선지구 정비사업 타당성조사 및 기본계획수립용역,준공,주관사,2025-03-03 23:58:48,No directory (Project ID 20230031 not found for department 07010),1,1,1,0,1,1,1,1,1,1,1,3,3,0,1,3,3,3,3,1
20230037,07010,07010_수자원부,소하천구역 지정 및 지형도면고시 용역(봉산소하천 외 4개소 소하천정비사업),준공,주관사,2025-03-03 23:58:48,No directory (Project ID 20230037 not found for department 07010),0,1,1,0,1,1,1,0,0,0,0,3,3,0,1,3,3,0,0,0
20230125,07010,07010_수자원부,귀조천외 2개소 소하천 정비사업 실시설계용역,준공,주관사,2025-03-03 23:58:49,No directory (Project ID 20230125 not found for department 07010),1,1,1,1,1,1,1,0,1,1,3,3,3,3,2,3,3,0,3,1
20230142,07010,07010_수자원부,산장지구 다목적농촌용수개발사업 기본계획 용역,준공,비주관사,2025-03-03 23:58:49,No directory (Project ID 20230142 not found for department 07010),1,1,1,1,1,0,0,0,1,0,3,2,3,3,3,0,0,0,3,0
20230143,07010,07010_수자원부,덕산지구 배수개선사업 세부설계 용역,준공,Unknown,2025-03-03 23:58:49,No directory (Project ID 20230143 not found in project list for any department),0,0,0,0,0,0,0,0,0,0,0,0,0,0,0,0,0,0,0,0
20230144,07010,07010_수자원부,고천암3지구 배수개선사업 세부설계 용역,준공,Unknown,2025-03-03 23:58:49,No directory (Project ID 20230144 not found in project list for any department),0,0,0,0,0,0,0,0,0,0,0,0,0,0,0,0,0,0,0,0
20230146,07010,07010_수자원부,양화 자연재해위험 개선지구 정비사업 실시설계용역,준공,주관사,2025-03-03 23:58:49,No directory (Project ID 20230146 not found for department 07010),1,1,1,1,1,1,1,1,1,0,3,3,3,3,3,3,3,3,3,0
20230196,07010,07010_수자원부,병산항지구 자연재해위험개선지구 지정 타당성조사 및 기본계획수립 용역,준공,주관사,2025-03-03 23:58:49,No directory (Project ID 20230196 not found for department 07010),1,1,1,1,1,1,1,1,1,0,1,3,3,3,2,3,1,3,3,0
20230205,07010,07010_수자원부,대연지구 자연재해위험개선지구지정 타당성 조사 및 기본계획수립 용역,준공,주관사,2025-03-03 23:58:50,No directory (Project ID 20230205 not found for department 07010),1,1,1,1,1,1,1,1,1,0,3,3,3,3,1,3,3,3,3,0
20230223,07010,07010_수자원부,용문 내지천 재해복구 개선사업 기본 및 실시설계 용역,준공,주관사,2025-03-03 23:58:50,No directory (Project ID 20230223 not found for department 07010),1,1,1,1,1,1,1,1,1,0,3,3,3,3,3,3,3,3,3,0
20230078,08010,08010_안전진단부,국도35호선 하방교 등 7개소 정밀안전점검 기술용역,준공,주관사,2025-03-03 23:58:48,No directory (Project ID 20230078 not found for department 08010),1,1,1,0,1,1,0,1,1,0,2,3,1,0,1,3,0,3,1,0
20230079,08010,08010_안전진단부,국도58호선 삼랑진교 등 8개소 정밀안전점검 등 기술용역,준공,주관사,2025-03-03 23:58:48,No directory (Project ID 20230079 not found for department 08010),0,1,1,0,1,1,0,1,1,0,0,3,1,0,1,3,0,1,1,0
20230091,08010,08010_안전진단부,2023년도 구조물 정밀안전진단 및 성능평가 용역(대전충남 P6),준공,비주관사,2025-03-03 23:58:48,No directory (Project ID 20230091 not found for department 08010),1,1,1,0,1,1,0,1,1,1,3,3,2,0,1,3,0,1,3,2
20230092,08010,08010_안전진단부,2023년도 구조물 정밀안전진단 및 성능평가 용역(수도권 P3),준공,비주관사,2025-03-03 23:58:48,No directory (Project ID 20230092 not found for department 08010),1,1,1,0,1,1,0,1,1,1,1,3,1,0,1,3,0,2,2,2
20230117,08010,08010_안전진단부,2023년도 구조물 정밀안전점검·진단 및 성능평가 통합 용역(충북 S3),준공,비주관사,2025-03-03 23:58:49,No directory (Project ID 20230117 not found for department 08010),1,1,1,0,1,1,0,1,1,0,3,3,3,0,1,3,0,1,3,0
20230245,08010,08010_안전진단부,국도42호선 복술1교 등 20개 교량 정밀안전점검 및 성능평가 용역,준공,주관사,2025-03-03 23:58:50,No directory (Project ID 20230245 not found for department 08010),1,1,1,0,1,0,0,1,1,0,3,3,3,0,1,0,0,3,3,0
20240002,08010,08010_안전진단부,2024년도 경부고속선 광명~천안아산간 해창터널 외 5개소 시설물 1종 정밀안전진단 및 성능평가 용역,준공,비주관사,2025-03-03 23:58:50,No directory (Project ID 20240002 not found for department 08010),0,0,0,0,0,1,1,1,0,0,0,0,0,0,0,1,1,1,0,0
20240038,08010,08010_안전진단부,"명도초등학교 외 6교 제2,3종 옹벽 상반기 정기안전점검용역",준공,주관사,2025-03-03 23:58:51,No directory (Project ID 20240038 not found for department 08010),1,1,1,0,1,1,0,1,1,0,1,3,2,0,1,2,0,2,2,0
20240053,08010,08010_안전진단부,국도20호선 덕산1교 등 10개소 정밀안전점검 기술용역,준공,주관사,2025-03-03 23:58:51,No directory (Project ID 20240053 not found for department 08010),1,1,1,0,1,1,0,1,1,0,2,3,3,0,1,3,0,3,3,0
20240054,08010,08010_안전진단부,국도2호선 완암교(상) 등 2개소 정밀안전진단 등 기술용역,준공,주관사,2025-03-03 23:58:51,No directory (Project ID 20240054 not found for department 08010),1,1,1,0,1,1,0,1,1,0,3,3,2,0,1,3,0,3,1,0
20240061,08010,08010_안전진단부,2024년 구조물 정밀안전진단 및 성능평가 용역(충북 S5),준공,비주관사,2025-03-03 23:58:51,No directory (Project ID 20240061 not found for department 08010),1,1,1,1,1,1,0,0,1,0,3,2,2,1,1,3,0,0,1,0
20240065,08010,08010_안전진단부,태재육교 등 16개소 교량 정밀안전점검 용역,준공,주관사,2025-03-03 23:58:51,No directory (Project ID 20240065 not found for department 08010),1,1,1,1,1,1,1,1,1,0,3,3,2,3,1,3,2,3,3,0
20240109,08010,08010_안전진단부,도안대교(하) 정밀안전진단 및 내진성능평가용역,준공,주관사,2025-03-03 23:58:51,No directory (Project ID 20240109 not found for department 08010),1,1,1,0,1,1,0,1,1,0,1,3,2,0,1,3,0,3,1,0
20240186,08010,08010_안전진단부,서촌1교 외 3개소 내진성능평가 용역,준공,주관사,2025-03-03 23:58:52,No directory (Project ID 20240186 not found for department 08010),0,1,1,0,1,1,0,1,1,0,0,3,2,0,1,3,0,2,1,0
20250001,08010,08010_안전진단부,농로포장 및 배수로정비사업 실시설계용역,준공,주관사,2025-03-03 23:58:52,No directory (Project ID 20250001 not found for department 08010),0,0,0,0,0,0,0,0,0,0,0,0,0,0,0,0,0,0,0,0
20190189,09010,09010_철도설계부,필리핀 LRT-2 서측연장사업 컨설팅용역,진행,주관사,2025-03-03 23:58:44,No directory (Project ID 20190189 not found for department 09010),1,1,0,1,1,0,0,1,0,0,3,3,0,3,3,0,0,2,0,0
20210214,09010,09010_철도설계부,춘천~속초 철도건설 제3공구 노반 실시설계용역,준공,비주관사,2025-03-03 23:58:45,No directory (Project ID 20210214 not found for department 09010),1,1,1,0,1,1,1,1,1,0,3,3,2,0,1,3,3,3,3,0
20220005,09010,09010_철도설계부,별내선 연장사업 예비타당성조사의 기술적 검토 및 비용추정,준공,주관사,2025-03-03 23:58:46,No directory (Project ID 20220005 not found for department 09010),1,0,0,0,1,1,0,0,1,0,2,0,0,0,1,3,0,0,1,0
20220041,09010,09010_철도설계부,호남선 원평천교 등 72개소 내진성능평가 및 실시설계 용역,진행,Unknown,2025-03-03 23:58:46,No directory (Project ID 20220041 not found in project list for any department),0,0,0,0,0,0,0,0,0,0,0,0,0,0,0,0,0,0,0,0
20220110,09010,09010_철도설계부,남부내륙철도 제3공구 노반 기본 및 실시설계 용역,진행,주관사,2025-03-03 23:58:46,No directory (Project ID 20220110 not found for department 09010),1,1,1,1,0,1,1,1,1,0,3,3,3,2,0,3,3,3,3,0
20220111,09010,09010_철도설계부,남부내륙철도 제8공구 노반 기본 및 실시설계 용역,진행,비주관사,2025-03-03 23:58:46,No directory (Project ID 20220111 not found for department 09010),0,0,0,0,0,0,0,0,0,0,0,0,0,0,0,0,0,0,0,0
20220241,09010,09010_철도설계부,천안~청주공항 복선전철 노반 기본 및 실시설계용역,진행,주관사,2025-03-03 23:58:47,No directory (Project ID 20220241 not found for department 09010),1,1,1,0,1,1,1,1,1,1,3,3,3,0,3,3,3,1,3,1
20230061,09010,09010_철도설계부,태백선 태백~문곡 등 14개소 방음벽 개량공사 실시설계 용역,준공,주관사,2025-03-03 23:58:48,No directory (Project ID 20230061 not found for department 09010),1,1,1,1,1,1,1,1,1,0,3,3,3,3,3,3,3,3,3,0
20230080,09010,09010_철도설계부,신분당선 광교~호매실 복선전철 제1공구 건설공사(T/K) 실시설계,진행,비주관사,2025-03-03 23:58:48,No directory (Project ID 20230080 not found for department 09010),1,0,1,0,0,1,0,1,0,0,1,0,2,0,0,3,0,3,0,0
20230147,09010,09010_철도설계부,2023년 인천1호선 계양~예술회관 궤도시설 정밀진단 용역,준공,주관사,2025-03-03 23:58:49,No directory (Project ID 20230147 not found for department 09010),0,1,0,0,0,0,0,1,0,0,0,2,0,0,0,0,0,3,0,0
20230172,09010,09010_철도설계부,수서~광주 복선전철 제2공구 건설공사(T/K) 기본설계용역 [설계비],준공,비주관사,2025-03-03 23:58:49,No directory (Project ID 20230172 not found for department 09010),1,1,1,0,1,1,1,1,0,0,1,1,1,0,2,3,3,3,0,0
20230179,09010,09010_철도설계부,2023년 3호선 지축~대청간 궤도시설 정밀진단 및 성능평가용역,준공,비주관사,2025-03-03 23:58:49,No directory (Project ID 20230179 not found for department 09010),0,0,0,0,0,0,0,1,0,0,0,0,0,0,0,0,0,1,0,0
20230229,09010,09010_철도설계부,하천횡단 철도교량 중장기 개량계획 수립 용역,준공,비주관사,2025-03-03 23:58:50,No directory (Project ID 20230229 not found for department 09010),1,1,1,1,1,0,0,0,1,0,1,3,3,3,2,0,0,0,2,0
20230246,09010,09010_철도설계부,2023년 경전선 순천~이양간 외 6개소 궤도 정밀진단 및 성능평가 용역,준공,비주관사,2025-03-03 23:58:50,No directory (Project ID 20230246 not found for department 09010),0,0,0,0,0,0,0,1,0,0,0,0,0,0,0,0,0,2,0,0
20230247,09010,09010_철도설계부,경북선 김천~옥산간 외 1개소 궤도 정밀진단 및 성능평가 용역,준공,비주관사,2025-03-03 23:58:50,No directory (Project ID 20230247 not found for department 09010),0,0,1,0,0,0,0,1,0,0,0,0,2,0,0,0,0,1,0,0
20240008,09010,09010_철도설계부,신탄진-매포간 맥포터널 긴급수해복구 설계용역,준공,주관사,2025-03-03 23:58:50,No directory (Project ID 20240008 not found for department 09010),0,0,0,0,0,1,1,0,1,0,0,0,0,0,0,3,3,0,2,0
20240037,09010,09010_철도설계부,서원주정거장 입체화 기본 및 실시설계 용역,진행,주관사,2025-03-03 23:58:51,No directory (Project ID 20240037 not found for department 09010),1,1,1,1,1,1,1,1,1,0,3,3,3,3,1,3,3,1,3,0
20240047,09010,09010_철도설계부,경부선(아포~구미) 횡단 통로박스 개설사업 실시설계 용역,진행,주관사,2025-03-03 23:58:51,No directory (Project ID 20240047 not found for department 09010),1,1,1,1,1,1,1,1,0,0,1,2,3,3,3,3,1,3,0,0
20240111,09010,09010_철도설계부,중앙선 용문차량기지 외 17개소 재해예방공사 실시설계 용역,진행,비주관사,2025-03-03 23:58:51,No directory (Project ID 20240111 not found for department 09010),0,1,1,0,0,1,0,0,1,0,0,3,3,0,0,1,0,0,3,0
20240124,09010,09010_철도설계부,중앙선(제천조차장) 및 태백선 수해복구 실시설계용역,준공,주관사,2025-03-03 23:58:51,No directory (Project ID 20240124 not found for department 09010),1,1,0,0,1,0,0,0,1,0,2,3,0,0,1,0,0,0,1,0
20240135,09010,09010_철도설계부,필리핀 마닐라 LRT 2호선 코게오 연장 타당성조사 용역,준공,주관사,2025-03-03 23:58:51,No directory (Project ID 20240135 not found for department 09010),1,1,1,0,1,1,1,1,1,0,3,3,3,0,3,3,3,3,3,0
20240143,09010,09010_철도설계부,2024년 수도권서부본부 관내 승강장 및 주차장 개량공사 실시설계용역,준공,주관사,2025-03-03 23:58:51,No directory (Project ID 20240143 not found for department 09010),1,1,1,0,1,0,0,1,0,0,3,1,1,0,1,0,0,3,0,0
20240150,09010,09010_철도설계부,2024년 수도권서부본부 운영자산 궤도 정밀진단 및 성능평가용역,준공,비주관사,2025-03-03 23:58:51,No directory (Project ID 20240150 not found for department 09010),1,0,1,0,0,0,0,0,0,0,3,0,1,0,0,0,0,0,0,0
20240154,09010,09010_철도설계부,경부선 내판~부강간 수해복구공사 실시설계용역,준공,Unknown,2025-03-03 23:58:52,No directory (Project ID 20240154 not found in project list for any department),0,0,0,0,0,0,0,0,0,0,0,0,0,0,0,0,0,0,0,0
20160001,10010,10010_건설사업관리부,중군~진상간 국가지원지방도 확포장공사 건설사업관리 용역,준공,주관사,2025-03-03 23:58:42,No directory (Project ID 20160001 not found for department 10010),0,0,0,0,0,0,0,1,0,0,0,0,0,0,0,0,0,2,0,0
20160163,10010,10010_건설사업관리부,고속국도 제32호선 아산~천안간 및 인주~염치간 시공단계의 건설사업관리용역,준공,비주관사,2025-03-03 23:58:42,No directory (Project ID 20160163 not found for department 10010),1,1,1,1,0,1,0,1,1,0,3,3,1,3,0,3,0,1,3,0
20170007,10010,10010_건설사업관리부,단산~부석사간도로 건설공사 건설사업관리용역,준공,Unknown,2025-03-03 23:58:42,No directory (Project ID 20170007 not found in project list for any department),0,0,0,0,0,0,0,0,0,0,0,0,0,0,0,0,0,0,0,0
20180077,10010,10010_건설사업관리부,국도42호선 정선-북면간 2차로 시설개량공사 건설사업관리용역,준공,Unknown,2025-03-03 23:58:43,No directory (Project ID 20180077 not found in project list for any department),0,0,0,0,0,0,0,0,0,0,0,0,0,0,0,0,0,0,0,0
20180091,10010,10010_건설사업관리부,시산항 보강공사 건설사업관리용역,진행,Unknown,2025-03-03 23:58:43,No directory (Project ID 20180091 not found in project list for any department),0,0,0,0,0,0,0,0,0,0,0,0,0,0,0,0,0,0,0,0
20190017,10010,10010_건설사업관리부,행복도시~조치원 도로확장공사 건설사업관리용역,준공,Unknown,2025-03-03 23:58:43,No directory (Project ID 20190017 not found in project list for any department),0,0,0,0,0,0,0,0,0,0,0,0,0,0,0,0,0,0,0,0
20190101,10010,10010_건설사업관리부,화산~경천 및 소양~고산간 지방도 확포장공사 감독 권한대행 등 통합 건설사업관리용역,준공,Unknown,2025-03-03 23:58:43,No directory (Project ID 20190101 not found in project list for any department),0,0,0,0,0,0,0,0,0,0,0,0,0,0,0,0,0,0,0,0
20190159,10010,10010_건설사업관리부,장평천 봉양2지구 지방하천정비사업 건설사업관리용역,준공,Unknown,2025-03-03 23:58:43,No directory (Project ID 20190159 not found in project list for any department),0,0,0,0,0,0,0,0,0,0,0,0,0,0,0,0,0,0,0,0
20190222,10010,10010_건설사업관리부,4단계 계류장지역 시설공사 건설사업관리용역,준공,Unknown,2025-03-03 23:58:44,No directory (Project ID 20190222 not found in project list for any department),0,0,0,0,0,0,0,0,0,0,0,0,0,0,0,0,0,0,0,0
20200030,10010,10010_건설사업관리부,신천 하천환경정비사업 등 2개사업 통합건설사업관리용역,준공,Unknown,2025-03-03 23:58:44,No directory (Project ID 20200030 not found in project list for any department),0,0,0,0,0,0,0,0,0,0,0,0,0,0,0,0,0,0,0,0
20200133,10010,10010_건설사업관리부,세종대로 도로공간 재편사업 외 2개소 통합 감독권한대행 등 건설사업관리용역,준공,Unknown,2025-03-03 23:58:44,No directory (Project ID 20200133 not found in project list for any department),0,0,0,0,0,0,0,0,0,0,0,0,0,0,0,0,0,0,0,0
20200137,10010,10010_건설사업관리부,저동항 다기능어항(복합형) 건설공사 건설사업관리용역,진행,Unknown,2025-03-03 23:58:44,No directory (Project ID 20200137 not found in project list for any department),0,0,0,0,0,0,0,0,0,0,0,0,0,0,0,0,0,0,0,0
20200158,10010,10010_건설사업관리부,"지방하천(대학천, 제민천) 정비사업 통합건설사업관리용역",준공,Unknown,2025-03-03 23:58:44,No directory (Project ID 20200158 not found in project list for any department),0,0,0,0,0,0,0,0,0,0,0,0,0,0,0,0,0,0,0,0
20200173,10010,10010_건설사업관리부,서성로(가시~성읍) 개설공사 건설사업관리용역,준공,Unknown,2025-03-03 23:58:44,No directory (Project ID 20200173 not found in project list for any department),0,0,0,0,0,0,0,0,0,0,0,0,0,0,0,0,0,0,0,0
20200222,10010,10010_건설사업관리부,영천댐 안전성강화사업 건설공사 건설사업관리용역,준공,Unknown,2025-03-03 23:58:44,No directory (Project ID 20200222 not found in project list for any department),0,0,0,0,0,0,0,0,0,0,0,0,0,0,0,0,0,0,0,0
20210006,10010,10010_건설사업관리부,섬진강 두곡지구 재해복구사업 건설사업관리용역,준공,비주관사,2025-03-03 23:58:44,No directory (Project ID 20210006 not found for department 10010),0,0,0,0,0,0,0,0,0,0,0,0,0,0,0,0,0,0,0,0
20210143,10010,10010_건설사업관리부,금강 하천시설유지보수 통합건설사업관리용역(2021년~2024년),준공,Unknown,2025-03-03 23:58:45,No directory (Project ID 20210143 not found in project list for any department),0,0,0,0,0,0,0,0,0,0,0,0,0,0,0,0,0,0,0,0
20210164,10010,10010_건설사업관리부,연동~노형2(이호처리분구) 노후하수관로 정비공사 건설사업관리용역,준공,Unknown,2025-03-03 23:58:45,No directory (Project ID 20210164 not found in project list for any department),0,0,0,0,0,0,0,0,0,0,0,0,0,0,0,0,0,0,0,0
20210187,10010,10010_건설사업관리부,구미 거의1지구 도시개발사업 건설사업관리용역,준공,Unknown,2025-03-03 23:58:45,No directory (Project ID 20210187 not found in project list for any department),0,0,0,0,0,0,0,0,0,0,0,0,0,0,0,0,0,0,0,0
20210190,10010,10010_건설사업관리부,미호천 여천지구 등 3개소 하천정비사업 건설사업관리(시공단계)용역,진행,Unknown,2025-03-03 23:58:45,No directory (Project ID 20210190 not found in project list for any department),0,0,0,0,0,0,0,0,0,0,0,0,0,0,0,0,0,0,0,0
20220080,10010,10010_건설사업관리부,명포 재해위험개선지구 정비사업 외 1개소 통합건설사업관리용역,준공,Unknown,2025-03-03 23:58:46,No directory (Project ID 20220080 not found in project list for any department),0,0,0,0,0,0,0,0,0,0,0,0,0,0,0,0,0,0,0,0
20220085,10010,10010_건설사업관리부,2022~2023년 부산경남본부 유지관리 건설사업관리용역(2권역),준공,비주관사,2025-03-03 23:58:46,No directory (Project ID 20220085 not found for department 10010),1,1,0,0,0,1,0,0,0,0,1,1,0,0,0,2,0,0,0,0
20220087,10010,10010_건설사업관리부,치악산 바람길숲 조성사업 감독권한대행 등 건설사업관리 용역,준공,Unknown,2025-03-03 23:58:46,No directory (Project ID 20220087 not found in project list for any department),0,0,0,0,0,0,0,0,0,0,0,0,0,0,0,0,0,0,0,0
20220092,10010,10010_건설사업관리부,영주시 주변 하수관로 정비사업 외 1건 통합 건설사업관리용역,준공,주관사,2025-03-03 23:58:46,No directory (Project ID 20220092 not found for department 10010),0,1,0,0,0,1,0,0,0,0,0,1,0,0,0,1,0,0,0,0
20220147,10010,10010_건설사업관리부,서거차항 정비공사 건설사업관리용역,진행,Unknown,2025-03-03 23:58:46,No directory (Project ID 20220147 not found in project list for any department),0,0,0,0,0,0,0,0,0,0,0,0,0,0,0,0,0,0,0,0
20220229,10010,10010_건설사업관리부,석계지구 자연재해위험개선지구 정비사업 건설사업관리(감독권한대행) 용역,준공,Unknown,2025-03-03 23:58:47,No directory (Project ID 20220229 not found in project list for any department),0,0,0,0,0,0,0,0,0,0,0,0,0,0,0,0,0,0,0,0
20220233,10010,10010_건설사업관리부,통영 풍화일주도로 건설공사(2차) 외 1건 감독권한대행 등 건설사업관리용역,준공,Unknown,2025-03-03 23:58:47,No directory (Project ID 20220233 not found in project list for any department),0,0,0,0,0,0,0,0,0,0,0,0,0,0,0,0,0,0,0,0
20220238,10010,10010_건설사업관리부,해양레저관광 거점 조성사업(해양시설물 공사) 건설사업관리용역,준공,Unknown,2025-03-03 23:58:47,No directory (Project ID 20220238 not found in project list for any department),0,0,0,0,0,0,0,0,0,0,0,0,0,0,0,0,0,0,0,0
20220247,10010,10010_건설사업관리부,영주국토 도로관리(2권역) 통합건설사업관리용역(2022),진행,Unknown,2025-03-03 23:58:47,No directory (Project ID 20220247 not found in project list for any department),0,0,0,0,0,0,0,0,0,0,0,0,0,0,0,0,0,0,0,0
20220271,10010,10010_건설사업관리부,2022년도 의정부국토 동부권역 도로운영분야 통합 건설사업관리용역,준공,Unknown,2025-03-03 23:58:48,No directory (Project ID 20220271 not found in project list for any department),0,0,0,0,0,0,0,0,0,0,0,0,0,0,0,0,0,0,0,0
20220273,10010,10010_건설사업관리부,"국가하천 배수영향구간 하천환경정비사업(대반천, 도대천) 건설사업관리용역",진행,Unknown,2025-03-03 23:58:48,No directory (Project ID 20220273 not found in project list for any department),0,0,0,0,0,0,0,0,0,0,0,0,0,0,0,0,0,0,0,0
20230062,10010,10010_건설사업관리부,강릉국토 도로안전운영과 도로운영사업(영동권역) 통합건설사업관리용역,진행,Unknown,2025-03-03 23:58:48,No directory (Project ID 20230062 not found in project list for any department),0,0,0,0,0,0,0,0,0,0,0,0,0,0,0,0,0,0,0,0
20230190,10010,10010_건설사업관리부,구례군 지구단위종합복구사업(하천) 통합건설사업관리 용역,준공,Unknown,2025-03-03 23:58:49,No directory (Project ID 20230190 not found in project list for any department),0,0,0,0,0,0,0,0,0,0,0,0,0,0,0,0,0,0,0,0
20230211,10010,10010_건설사업관리부,울산 미포국가산단 맞춤형 공업용수 통합공급사업 건설사업관리용역,준공,Unknown,2025-03-03 23:58:50,No directory (Project ID 20230211 not found in project list for any department),0,0,0,0,0,0,0,0,0,0,0,0,0,0,0,0,0,0,0,0
20240001,10010,10010_건설사업관리부,스마트시티 혁신기술 발굴사업(자율주행 운전패턴 하이브리드형 아스팔트 보강재),준공,비주관사,2025-03-03 23:58:52,No directory (Project ID 20240001 not found in project list for any department),0,0,0,0,0,0,0,0,0,0,0,0,0,0,0,0,0,0,0,0
20240102,10010,10010_건설사업관리부,광양항 3단계투기장(1구역) 항만재개발사업 연결도로 건설사업관리용역,진행,Unknown,2025-03-03 23:58:51,No directory (Project ID 20240102 not found in project list for any department),0,0,0,0,0,0,0,0,0,0,0,0,0,0,0,0,0,0,0,0
20240113,10010,10010_건설사업관리부,미호강 미잠지구 하천정비사업 건설사업관리용역,진행,Unknown,2025-03-03 23:58:51,No directory (Project ID 20240113 not found in project list for any department),0,0,0,0,0,0,0,0,0,0,0,0,0,0,0,0,0,0,0,0
20230173,11010,11010_플랫폼사업실,백령도 소형공항 건설사업 타당성평가 및 기본계획수립 중 측량분야,진행,주관사,2025-03-03 23:58:49,No directory (Project ID 20230173 not found for department 11010),0,1,0,0,0,0,0,0,0,0,0,1,0,0,0,0,0,0,0,0
20240106,11010,11010_플랫폼사업실,드론기반 국가어항 안전점검 고도화 방안 연구용역,준공,Unknown,2025-03-03 23:58:51,No directory (Project ID 20240106 not found in project list for any department),0,0,0,0,0,0,0,0,0,0,0,0,0,0,0,0,0,0,0,0
20240194,11010,11010_플랫폼사업실,국가어항 기반시설 재해대응관리 기술개발 기획연구 용역,준공,Unknown,2025-03-03 23:58:52,No directory (Project ID 20240194 not found in project list for any department),0,0,0,0,0,0,0,0,0,0,0,0,0,0,0,0,0,0,0,0
20240209,11010,11010_플랫폼사업실,추팔 1~2리간 도로개설공사 도시관리계획시설(변경) 관련 동영상 촬영,준공,Unknown,2025-03-03 23:58:52,No directory (Project ID 20240209 not found in project list for any department),0,0,0,0,0,0,0,0,0,0,0,0,0,0,0,0,0,0,0,0
20200176,12010,12010_항만부,"2020년 거제시 어촌뉴딜사업(산전항, 예구항, 저구항) 기본 및 실시설계용역",준공,주관사,2025-03-03 23:58:44,No directory (Project ID 20200176 not found for department 12010),1,1,1,1,0,0,1,0,1,0,3,1,1,3,0,0,3,0,3,0
20210119,12010,12010_항만부,부산남항 서방파제 재해취약지구 정비사업 기본 및 실시설계 용역,준공,주관사,2025-03-03 23:58:45,No directory (Project ID 20210119 not found for department 12010),1,1,1,1,1,1,1,1,1,1,3,3,3,3,3,3,3,3,3,1
20220034,12010,12010_항만부,강릉 하시동지구 연안정비사업 기본 및 실시설계용역,진행,비주관사,2025-03-03 23:58:46,No directory (Project ID 20220034 not found for department 12010),1,1,1,1,1,1,1,0,0,0,3,3,3,3,2,1,1,0,0,0
20220150,12010,12010_항만부,신규 항만 기본계획 수립용역,준공,비주관사,2025-03-03 23:58:46,No directory (Project ID 20220150 not found for department 12010),1,1,1,0,1,1,1,1,0,0,3,3,3,0,2,3,3,3,0,0
20230098,12010,12010_항만부,용기포항 배후부지 활용방안 기본구상용역,준공,비주관사,2025-03-03 23:58:48,No directory (Project ID 20230098 not found for department 12010),1,1,1,1,1,1,0,1,1,0,1,2,3,3,2,3,0,3,3,0
20230158,12010,12010_항만부,울산 남신항 2단계 철재부두 축조공사 기본 및 실시설계용역,준공,비주관사,2025-03-03 23:58:49,No directory (Project ID 20230158 not found for department 12010),1,1,1,1,1,1,1,1,1,0,3,3,3,3,3,3,3,3,3,0
20230208,12010,12010_항만부,동해항 남부두(1단계) 13번선석 개선사업 실시설계용역,준공,주관사,2025-03-03 23:58:50,No directory (Project ID 20230208 not found for department 12010),1,1,1,1,1,1,1,1,1,0,3,3,3,3,3,3,3,3,3,0
20230221,12010,12010_항만부,금음항·하서항 어촌신활력증진사업 기본 및 실시설계 용역,준공,비주관사,2025-03-03 23:58:50,No directory (Project ID 20230221 not found for department 12010),1,1,1,1,1,0,0,1,1,0,3,1,2,3,2,0,0,3,3,0
20240006,12010,12010_항만부,신창1리항·조사리항 어촌신활력증진사업(유형3) 기본 및 실시설계용역,준공,비주관사,2025-03-03 23:58:50,No directory (Project ID 20240006 not found for department 12010),0,0,0,0,0,0,0,0,0,0,0,0,0,0,0,0,0,0,0,0
20140193,13010,13010_철도건설관리부,"동해선 포항~삼척 철도건설 제6,7공구 노반건설공사 감독 권한대행 등 건설사업관리용역",진행,Unknown,2025-03-03 23:58:42,No directory (Project ID 20140193 not found in project list for any department),0,0,0,0,0,0,0,0,0,0,0,0,0,0,0,0,0,0,0,0
20160112,13010,13010_철도건설관리부,"삼성~동탄 광역급행철도 건설공사 제4,5공구 노반공사 감독 권한대행 등 통합 건설사업관리용역",진행,Unknown,2025-03-03 23:58:42,No directory (Project ID 20160112 not found in project list for any department),0,0,0,0,0,0,0,0,0,0,0,0,0,0,0,0,0,0,0,0
20170124,13010,13010_철도건설관리부,별내선(8호선연장) 건설공사 감독권한대행 등 건설사업관리용역(2공구),준공,Unknown,2025-03-03 23:58:42,No directory (Project ID 20170124 not found in project list for any department),0,0,0,0,0,0,0,0,0,0,0,0,0,0,0,0,0,0,0,0
20180031,13010,13010_철도건설관리부,도시철도 양산선(노포~북정) 4공구 건설공사 감독권한대행 등 건설사업관리용역,준공,Unknown,2025-03-03 23:58:43,No directory (Project ID 20180031 not found in project list for any department),0,0,0,0,0,0,0,0,0,0,0,0,0,0,0,0,0,0,0,0
20210013,13010,13010_철도건설관리부,인덕원~동탄 복선전철 제1공구 및 월곶~판교 복선전철 제8공구 건설공사 감독 권한대행 등 건설사업관리용역,진행,Unknown,2025-03-03 23:58:44,No directory (Project ID 20210013 not found in project list for any department),0,0,0,0,0,0,0,0,0,0,0,0,0,0,0,0,0,0,0,0
20210196,13010,13010_철도건설관리부,대전차량기술단 인입철도 이설공사 감독 권한대행 등 건설사업관리용역,진행,Unknown,2025-03-03 23:58:45,No directory (Project ID 20210196 not found in project list for any department),0,0,0,0,0,0,0,0,0,0,0,0,0,0,0,0,0,0,0,0
20210227,13010,13010_철도건설관리부,태백선 초리천2교 등 3개소 교량확장 기타공사 감독 권한대행 등 건설사업관리용역,준공,Unknown,2025-03-03 23:58:45,No directory (Project ID 20210227 not found in project list for any department),0,0,0,0,0,0,0,0,0,0,0,0,0,0,0,0,0,0,0,0
20220070,13010,13010_철도건설관리부,삼성동탄 광역급행철도 제5공구 노반신설 기타공사 중 철도보호지구내 안전점검원 배치용역,준공,Unknown,2025-03-03 23:58:46,No directory (Project ID 20220070 not found in project list for any department),0,0,0,0,0,0,0,0,0,0,0,0,0,0,0,0,0,0,0,0
20220100,13010,13010_철도건설관리부,충북선 오송~청주간 석화건널목 입체화공사 감독권한대행 등 건설사업관리용역,진행,주관사,2025-03-03 23:58:46,No directory (Project ID 20220100 not found for department 13010),1,1,1,0,1,0,1,1,1,0,3,2,3,0,3,0,1,3,3,0
20220125,13010,13010_철도건설관리부,충북선 증평~도안 등 5개소 방음벽 설치공사 감독권한대행 등 건설사업관리용역,준공,Unknown,2025-03-03 23:58:46,No directory (Project ID 20220125 not found in project list for any department),0,0,0,0,0,0,0,0,0,0,0,0,0,0,0,0,0,0,0,0
20220126,13010,13010_철도건설관리부,호남선 서대전~가수원 등 6개소 방음벽 설치공사 감독권한대행 등 건설사업관리용역,준공,Unknown,2025-03-03 23:58:46,No directory (Project ID 20220126 not found in project list for any department),0,0,0,0,0,0,0,0,0,0,0,0,0,0,0,0,0,0,0,0
20220252,13010,13010_철도건설관리부,경부고속철도 갑천교 외 9개 교량 내진성능보강공사 감독권한대행 등 건설사업관리용역,진행,Unknown,2025-03-03 23:58:47,No directory (Project ID 20220252 not found in project list for any department),0,0,0,0,0,0,0,0,0,0,0,0,0,0,0,0,0,0,0,0
20220253,13010,13010_철도건설관리부,경부고속철도 팔곡고가 외 7개 교량 내진성능보강공사 감독권한대행 등 건설사업관리용역,진행,Unknown,2025-03-03 23:58:47,No directory (Project ID 20220253 not found in project list for any department),0,0,0,0,0,0,0,0,0,0,0,0,0,0,0,0,0,0,0,0
20230094,13010,13010_철도건설관리부,평택~오송 2복선화 제4공구 건설공사(T/K) 감독권한대행 등 건설사업관리용역,진행,Unknown,2025-03-03 23:58:48,No directory (Project ID 20230094 not found in project list for any department),0,0,0,0,0,0,0,0,0,0,0,0,0,0,0,0,0,0,0,0
20230241,13010,13010_철도건설관리부,"월곶~판교 복선전철 제4,5공구 노반신설 기타공사 감독권한대행 등 건설사업관리용역",진행,Unknown,2025-03-03 23:58:50,No directory (Project ID 20230241 not found in project list for any department),0,0,0,0,0,0,0,0,0,0,0,0,0,0,0,0,0,0,0,0
20230244,13010,13010_철도건설관리부,월곶~판교 복선전철 제3공구 노반신설 기타공사 감독권한대행 등 건설사업관리용역,진행,Unknown,2025-03-03 23:58:50,No directory (Project ID 20230244 not found in project list for any department),0,0,0,0,0,0,0,0,0,0,0,0,0,0,0,0,0,0,0,0
20240005,13010,13010_철도건설관리부,수도권광역급행철도 B노선(용산~상봉) 제4공구 건설공사(T/K) 감독권한대행 등 건설사업관리용역,진행,주관사,2025-03-03 23:58:50,No directory (Project ID 20240005 not found for department 13010),0,0,0,0,0,0,1,1,0,0,0,0,0,0,0,0,3,2,0,0
20240025,13010,13010_철도건설관리부,인덕원~동탄 복선전철 제2공구 노반건설공사 감독권한대행 등 건설사업관리용역,진행,Unknown,2025-03-03 23:58:51,No directory (Project ID 20240025 not found in project list for any department),0,0,0,0,0,0,0,0,0,0,0,0,0,0,0,0,0,0,0,0
20240086,13010,13010_철도건설관리부,신분당선 광교~호매실 복선전철 제3공구 건설공사(T/K) 감독 권한대행 등 건설사업관리용역,진행,Unknown,2025-03-03 23:58:51,No directory (Project ID 20240086 not found in project list for any department),0,0,0,0,0,0,0,0,0,0,0,0,0,0,0,0,0,0,0,0
20230206,14010,14010_도시철도부,수도권광역급행철도 B노선 민간투자사업 노반궤도분야 실시설계 건설사업관리용역,준공,Unknown,2025-03-03 23:58:50,No directory (Project ID 20230206 not found in project list for any department),0,0,0,0,0,0,0,0,0,0,0,0,0,0,0,0,0,0,0,0
20240027,14010,14010_도시철도부,서문시장역 대합실 증축 및 연결통로 기타공사 건설부문 실시설계 용역,준공,주관사,2025-03-03 23:58:51,No directory (Project ID 20240027 not found for department 14010),0,1,0,0,1,0,0,0,0,0,0,2,0,0,1,0,0,0,0,0
20240081,14010,14010_도시철도부,"""옥정-포천 광역철도 3공구 건설공사"" 설계시공 일괄입찰 실시설계용역",진행,Unknown,2025-03-03 23:58:51,No directory (Project ID 20240081 not found in project list for any department),0,0,0,0,0,0,0,0,0,0,0,0,0,0,0,0,0,0,0,0
20240172,14010,14010_도시철도부,강남역 일대 대심도 빗물배수터널 건설공사(T/K) 기본설계 설계용역,준공,Unknown,2025-03-03 23:58:52,No directory (Project ID 20240172 not found in project list for any department),0,0,0,0,0,0,0,0,0,0,0,0,0,0,0,0,0,0,0,0
20210041,99999,99999_교통부,대전연축 도시개발사업 교통영향평가용역,준공,주관사,2025-03-03 23:58:44,No directory (Project ID 20210041 not found for department 99999),1,1,1,1,1,1,1,1,1,0,3,3,3,3,1,3,3,3,3,0
20220002,99999,99999_교통부,세종 눌왕지구 도시개발사업 조사설계용역(교통),진행,주관사,2025-03-03 23:58:45,No directory (Project ID 20220002 not found for department 99999),1,0,1,0,1,1,0,0,0,0,1,0,1,0,1,3,0,0,0,0
20220053,99999,99999_교통부,포천시 도로건설관리계획 및 농어촌도로 기본(정비)계획 수립 용역,준공,비주관사,2025-03-03 23:58:46,No directory (Project ID 20220053 not found for department 99999),1,1,1,1,0,1,0,1,1,0,3,3,3,1,0,3,0,1,3,0
20220163,99999,99999_교통부,광양시 도로건설 관리계획 및 농어촌도로 기본계획 수립 용역,준공,주관사,2025-03-03 23:58:46,No directory (Project ID 20220163 not found for department 99999),1,1,1,1,1,1,1,1,1,0,3,3,3,3,1,3,1,3,3,0
20220188,99999,99999_교통부,무주 설천~무풍 도로시설개량공사 교통영향평가용역,준공,주관사,2025-03-03 23:58:47,No directory (Project ID 20220188 not found for department 99999),1,1,1,0,1,1,1,1,1,0,1,3,3,0,1,3,3,3,1,0
20230008,99999,99999_교통부,대중교통 실태분석 및 버스체계 용역,준공,주관사,2025-03-03 23:58:48,No directory (Project ID 20230008 not found for department 99999),1,1,1,1,1,1,0,1,1,0,3,3,3,3,3,2,0,3,3,0
20230045,99999,99999_교통부,진도군 도로건설 관리계획 및 농어촌도로 기본계획 수립용역,준공,주관사,2025-03-03 23:58:48,No directory (Project ID 20230045 not found for department 99999),1,1,1,1,1,1,1,1,1,0,2,3,3,3,3,3,3,3,3,0
20230053,99999,99999_교통부,김포시 도로건설 관리계획 수립 용역,준공,비주관사,2025-03-03 23:58:48,No directory (Project ID 20230053 not found for department 99999),1,1,1,1,1,1,0,1,1,0,3,3,3,3,1,3,0,3,3,0
20230089,99999,99999_교통부,수원시 주차장 수급실태조사 및 타당성 조사용역,준공,주관사,2025-03-03 23:58:48,No directory (Project ID 20230089 not found for department 99999),1,1,1,1,1,1,1,1,1,0,3,3,3,3,3,3,3,3,3,0
20230119,99999,99999_교통부,성남시 도시교통정비 중기계획 수립 용역,준공,주관사,2025-03-03 23:58:49,No directory (Project ID 20230119 not found for department 99999),1,1,1,1,1,1,1,1,1,0,3,3,3,3,3,3,3,2,3,0
20230182,99999,99999_교통부,남해 서면-여수 신덕 국도건설공사 교통안전시설진단 및 교통영향평가용역,준공,주관사,2025-03-03 23:58:49,No directory (Project ID 20230182 not found for department 99999),1,1,1,1,1,1,1,1,1,0,3,3,3,1,1,2,1,3,3,0
20230235,99999,99999_교통부,옥정~포천 광역철도 건설사업 교통영향평가 용역,준공,주관사,2025-03-03 23:58:50,No directory (Project ID 20230235 not found for department 99999),1,1,1,1,1,1,1,1,1,0,3,3,3,3,1,3,3,3,3,0
20240031,99999,99999_교통부,양산시 주차장 수급 및 안전관리 실태조사 용역,준공,주관사,2025-03-03 23:58:51,No directory (Project ID 20240031 not found for department 99999),0,1,1,0,1,1,1,1,1,0,0,2,3,0,2,3,3,1,2,0
20240104,99999,99999_교통부,봉원~상리 3차선 확장공사 교통안전진단용역,준공,주관사,2025-03-03 23:58:51,No directory (Project ID 20240104 not found for department 99999),1,1,1,0,1,1,0,1,1,0,3,3,1,0,3,3,0,3,2,0
20240115,99999,99999_교통부,2024년 공용노선 교통시설안전진단 및 소통진단 엔지니어링,준공,비주관사,2025-03-03 23:58:51,No directory (Project ID 20240115 not found for department 99999),1,1,1,0,1,1,0,1,0,0,3,3,2,0,2,3,0,1,0,0
20190078,99999,99999_조경레저부,양산사송 공공주택지구 조성사업 조경(공원.녹지 등) 기본 및 실시설계용역,준공,비주관사,2025-03-03 23:58:43,No directory (Project ID 20190078 not found for department 99999),1,1,1,1,1,1,1,1,1,0,3,3,3,3,3,3,3,3,3,0
20220185,99999,99999_조경레저부,(재)삼성개발공원묘원 자연장지 조성사업 도시관리계획 변경 및 실시계획인가 용역,진행,주관사,2025-03-03 23:58:47,No directory (Project ID 20220185 not found for department 99999),1,1,0,1,1,1,0,0,0,0,3,3,0,1,1,2,0,0,0,0
20220187,99999,99999_조경레저부,(재)삼성개발공원묘원 자연장지 조성사업 도시관리계획 변경 및 실시계획인가 용역(재해),진행,주관사,2025-03-03 23:58:47,No directory (Project ID 20220187 not found for department 99999),1,1,0,0,1,1,0,0,0,0,2,3,0,0,1,1,0,0,0,0
20230025,99999,99999_조경레저부,Amgalan Botanical Garden Construction Project(몽골 Amgalan 식물원 조성사업),진행,주관사,2025-03-03 23:58:48,No directory (Project ID 20230025 not found for department 99999),1,1,0,1,1,1,1,1,0,0,3,3,0,2,1,3,3,2,0,0
20240048,99999,99999_조경레저부,고속국도 제14호선 함양~합천 조경설계 엔지니어링,진행,주관사,2025-03-03 23:58:51,No directory (Project ID 20240048 not found for department 99999),1,1,1,1,1,1,1,1,1,0,3,3,3,3,2,3,3,3,3,0
20240063,99999,99999_조경레저부,남부권 진해 벚꽃로드 관광경관 명소화 기본계획 수립 및 타당성조사 용역,준공,Unknown,2025-03-03 23:58:51,No directory (Project ID 20240063 not found in project list for any department),0,0,0,0,0,0,0,0,0,0,0,0,0,0,0,0,0,0,0,0
20220031,99999,99999_지반부,신촌2 에피소드 개발사업 사후 지하안전영향조사,진행,주관사,2025-03-03 23:58:46,No directory (Project ID 20220031 not found for department 99999),1,1,1,0,1,1,1,1,1,0,3,2,1,0,2,3,1,1,1,0
20230162,99999,99999_지반부,고성 천연가스발전 건설사업 소규모 지하안전평가 용역,준공,Unknown,2025-03-03 23:58:49,No directory (Project ID 20230162 not found in project list for any department),0,0,0,0,0,0,0,0,0,0,0,0,0,0,0,0,0,0,0,0
20230198,99999,99999_지반부,반지1구역 재건축사업 소규모 지하안전평가 용역,진행,주관사,2025-03-03 23:58:50,No directory (Project ID 20230198 not found for department 99999),1,0,0,0,0,0,0,0,0,0,2,0,0,0,0,0,0,0,0,0
20230209,99999,99999_지반부,여수 화태~백야 도로건설공사 1공구 앵커리지 관리터널 변경설계 용역,준공,주관사,2025-03-03 23:58:50,No directory (Project ID 20230209 not found for department 99999),0,1,0,1,0,1,1,1,0,0,0,3,0,2,0,3,3,3,0,0
20230225,99999,99999_지반부,여수 화태~백야 도로건설공사 1공구 관리터널 확인 조사 및 변경설계 안정성검토 중 갱구비탈면 보강공법 설계용역,준공,주관사,2025-03-03 23:58:50,No directory (Project ID 20230225 not found for department 99999),0,1,0,0,0,0,0,0,0,0,0,2,0,0,0,0,0,0,0,0
20240043,99999,99999_지반부,2024년 비탈면·옹벽 정밀안전점검 및 성능평가용역 12권역(고령),준공,주관사,2025-03-03 23:58:51,No directory (Project ID 20240043 not found for department 99999),0,1,0,0,0,1,0,0,0,0,0,3,0,0,0,3,0,0,0,0
20240069,99999,99999_지반부,사천일반산업단지 재생사업 공용주차장 건립(3부지) 소규모 지하안전영향평가 용역,준공,Unknown,2025-03-03 23:58:51,No directory (Project ID 20240069 not found in project list for any department),0,0,0,0,0,0,0,0,0,0,0,0,0,0,0,0,0,0,0,0
20240133,99999,99999_지반부,여수 화태~백야 도로건설공사 1공구 노선변경 설계 용역『토질분야설계』,준공,Unknown,2025-03-03 23:58:51,No directory (Project ID 20240133 not found in project list for any department),0,0,0,0,0,0,0,0,0,0,0,0,0,0,0,0,0,0,0,0
