ProjectID,ProjectName,Depart,Status,Contractor,ProjectID_numeric,Depart_ProjectID,search_folder
A20230002,(3핵심)초연결 디지털 국토 실현을 위한 융복합 데이터의 통합 활용 및 운영 검증 체계 구축,플랫폼사업실,진행,비주관사,20230002,10010_A20230002,No folder
C20050028,"수인선 수원~인천간 복선전철 노반신설공사 (1,2공구)전면책임감리용역",철도건설관리부,진행,주관사,20050028,03020_C20050028,No folder
C20050077,송파권역 도시개발사업 조사설계용역,도시설계부,진행,비주관사,20050077,04020_C20050077,No folder
C20070146,동탄2지구 조사설계용역,도시설계부,진행,주관사,20070146,04020_C20070146,No folder
C20070165,화성비봉 공공주택지구 및 주변도로 조사설계용역,도시계획부,진행,주관사,20070165,04010_C20070165,No folder
C20070209,양주회천지구 택지개발사업 도시조성공사 실시설계용역,도시설계부,진행,주관사,20070209,04020_C20070209,No folder
C20070232,김해 복합스포츠 레저시설 조성사업 설계감리 용역,도로부,진행,주관사,20070232,01010_C20070232,No folder
C20080166,광주전남빛그린 국가산업단지 개발사업 조사설계용역,도시설계부,진행,주관사,20080166,04020_C20080166,No folder
C20080183,탄천변 동측도로 확장공사 실시설계용역,구조부,진행,주관사,20080183,01030_C20080183,No folder
C20090030,화성동탄(2) 택지개발사업 조사설계용역,도시설계부,진행,주관사,20090030,04020_C20090030,No folder
C20090115,서울A지구 보금자리주택지구 조사설계 용역,도시설계부,진행,비주관사,20090115,04020_C20090115,No folder
C20090123,하남미사 보금자리주택지구 조성공사 실시설계용역,도시설계부,진행,주관사,20090123,04020_C20090123,No folder
C20090143,북아현재정비촉진지구주택재개발정비사업 교육환경보호계획서 용역,환경사업부,진행,비주관사,20090143,06010_C20090143,No folder
C20100003,시흥은계지구 조사설계용역,도시설계부,진행,비주관사,20100003,04020_C20100003,No folder
C20120119,황해경제자유구역 포승지구 조성사업 조사설계용역,도시계획부,진행,주관사,20120119,04010_C20120119,No folder
C20130009,청양 정산2농공단지조성사업 조사설계용역,도시계획부,진행,주관사,20130009,04010_C20130009,No folder
C20130010,청양 정산2농공단지조성사업 환경영향평가용역,도시계획부,진행,주관사,20130010,04010_C20130010,No folder
C20140041,고성죽계-마산진전 국도건설공사 사후환경영향조사용역,환경사업부,진행,주관사,20140041,06010_C20140041,No folder
C20140089,농진청 등 종전부동산 6지구 도시개발사업 조사.설계용역,도시설계부,진행,주관사,20140089,04020_C20140089,No folder
C20140103,고막원천 다시2지구 등 3개사업 사후환경영향조사용역,환경사업부,준공,비주관사,20140103,06010_C20140103,No folder
C20140174,강동 일반산업단지(엔지니어링복합단지)조사설계용역,도시계획부,진행,주관사,20140174,04010_C20140174,No folder
C20140193,"동해선 포항~삼척 철도건설 제6,7공구 노반건설공사 감독 권한대행 등 건설사업관리용역",철도건설관리부,진행,주관사,20140193,03020_C20140193,No folder
C20140197,행정중심복합도시 6생활권 및 1생활권 유보지 지구단위계획 수립용역,도시계획부,진행,비주관사,20140197,04010_C20140197,No folder
C20150076,밀양나노융합 국가산업단지 조사설계용역,도시설계부,진행,주관사,20150076,04020_C20150076,No folder
C20150134,순천00 도시첨단산업단지 조사설계용역,도시설계부,진행,주관사,20150134,04020_C20150134,No folder
C20150153,삽교천 삽교지구 하천환경정비사업 사후환경영향조사용역,환경사업부,준공,비주관사,20150153,06010_C20150153,No folder
C20150159,"보성~임성리 철도건설 제3,4공구 노반공사 감독 권한대행 등 통합건설사업관리용역",철도건설관리부,진행,주관사,20150159,03020_C20150159,No folder
C20150170,서울 A공공주택지구 조사설계용역,도시설계부,진행,주관사,20150170,04020_C20150170,No folder
C20160031,중앙선 도담~영천 복선전철(안동~영천구간) 사후환경영향조사 용역,환경사업부,진행,비주관사,20160031,06010_C20160031,No folder
C20160054,평택소사2지구 도시개발사업 사후환경영향조사용역,환경사업부,진행,주관사,20160054,06010_C20160054,No folder
C20160057,과천주암 기업형임대주택 공급촉진지구 조사설계용역,도시설계부,진행,주관사,20160057,04020_C20160057,No folder
C20160112,"삼성~동탄 광역급행철도 건설공사 제4,5공구 노반공사 감독 권한대행 등 통합 건설사업관리용역",철도건설관리부,진행,비주관사,20160112,03020_C20160112,No folder
C20160138,형산강 황성지구외 1개지구 하천환경정비사업 사후환경영향조사용역,환경사업부,진행,주관사,20160138,06010_C20160138,No folder
C20160158,남평~화순간 국가지원지방도 확포장공사 사후환경영향조사용역(총괄),환경사업부,진행,주관사,20160158,06010_C20160158,No folder
C20170001,미얀마 우정의 교량(Dala) 건설사업 설계 및 감리,구조부,진행,비주관사,20170001,01030_C20170001,No folder
C20170011,용인언남 기업형임대주택 공급촉진지구 환경영향평가용역,환경사업부,진행,주관사,20170011,06010_C20170011,No folder
C20170012,김해진례 기업형임대주택 공급촉진지구 조사설계용역,도시설계부,진행,주관사,20170012,04020_C20170012,No folder
C20170019,광주송정역 KTX지역경제거점형 투자선도지구 조사설계용역,도시설계부,진행,비주관사,20170019,04020_C20170019,No folder
C20170064,파주~양주.포천 고속도로 건설사업 사후환경영향조사 용역,환경사업부,진행,비주관사,20170064,06010_C20170064,No folder
C20170084,양평군 농촌관광휴양단지 조성사업 등 계획수립용역,도시계획부,진행,주관사,20170084,04010_C20170084,No folder
C20170105,광주선운2 공공주택지구 조사설계용역,도시계획부,진행,비주관사,20170105,04010_C20170105,No folder
C20170113,청주지북 기업형임대주택 공급촉진지구 조사설계용역,도시설계부,진행,주관사,20170113,04020_C20170113,No folder
C20170123,광명시흥 첨단R&D단지 조사설계용역,도시설계부,진행,주관사,20170123,04020_C20170123,No folder
C20170124,별내선(8호선연장) 건설공사 감독권한대행 등 건설사업관리용역(2공구),철도건설관리부,준공,주관사,20170124,03020_C20170124,No folder
C20170185,속초00지구 토지이용구상 및 사업타당성조사 용역 인력지원,도시계획부,준공,비주관사,20170185,04010_C20170185,No folder
C20170189,포승~평택 철도건설(안중~오성) 사후환경영향조사용역,환경사업부,진행,주관사,20170189,06010_C20170189,No folder
C20180031,도시철도 양산선(노포~북정) 4공구 건설공사 감독권한대행 등 건설사업관리용역,철도건설관리부,준공,비주관사,20180031,03020_C20180031,No folder
C20180034,중부권 마을정비형공공주택사업 도시.건축통합기술용역,도시계획부,진행,주관사,20180034,04010_C20180034,No folder
C20180053,아르메니아-조지아 국경Bagratashen교량 건설 시공감리용역,구조부,진행,주관사,20180053,01030_C20180053,No folder
C20180054,창원 사화공원 민간개발특례사업 조사설계용역,도시계획부,진행,비주관사,20180054,04010_C20180054,No folder
C20180067,고양 59개 GB해제취락 도시관리계획 재정비용역,도시계획부,준공,주관사,20180067,04010_C20180067,No folder
C20180068,부천원종 공공주택지구 조사설계용역,도시설계부,진행,주관사,20180068,04020_C20180068,No folder
C20180071,한강(섬강~국가기점) 하천기본계획 수립 및 하천시설 관리대장 작성 용역,수자원부,준공,주관사,20180071,05010_C20180071,No folder
C20180074,남강 하천기본계획 및 하천시설관리대장작성 용역,수자원부,준공,비주관사,20180074,05010_C20180074,No folder
C20180096,밀양부북 공공주택지구 조사설계용역,도시계획부,진행,주관사,20180096,04010_C20180096,No folder
C20180125,군포대야미 공공주택지구 조사설계용역,도시계획부,진행,주관사,20180125,04010_C20180125,No folder
C20180129,고양 일산테크노밸리 조사설계용역,도시설계부,진행,주관사,20180129,04020_C20180129,No folder
C20180134,남강+남강댐권역 하천기본계획수립 전략환경영향평가 용역,환경사업부,준공,비주관사,20180134,06010_C20180134,No folder
C20180139,은남일반산업단지 개발계획 기본실시설계 용역,도시설계부,진행,비주관사,20180139,04020_C20180139,No folder
C20180143,국도대체우회도로(연산~두마)건설공사 사후환경영향조사용역,환경사업부,진행,비주관사,20180143,06010_C20180143,No folder
C20180151,새만금~전주(김제~전주) 고속도로 건설사업 사후환경영향조사,환경사업부,진행,주관사,20180151,06010_C20180151,No folder
C20180166,화성어천 공공주택지구 조사설계용역,도시설계부,진행,주관사,20180166,04020_C20180166,No folder
C20190033,포천송우2 공공지원민간임대주택 공급촉진지구 조성사업 조사설계용역,도시계획부,진행,비주관사,20190033,04010_C20190033,No folder
C20190039,청산도항 정비공사 사후환경영향조사용역(공사시),환경사업부,진행,주관사,20190039,06010_C20190039,No folder
C20190088,백석천 비점오염 저감사업 기본 및 실시설계 용역,상하수도부,준공,비주관사,20190088,07010_C20190088,No folder
C20190120,합천군 관리계획(재정비) 수립 용역,도시계획부,준공,주관사,20190120,04010_C20190120,No folder
C20190123,보청천권역 하천기본계획 및 하천시설관리대장작성용역,수자원부,준공,비주관사,20190123,05010_C20190123,No folder
C20190126,전주역세권 공공지원민간임대주택 공급촉진지구 조사설계용역,도시설계부,진행,비주관사,20190126,04020_C20190126,No folder
C20190132,원주 반곡동 민간임대주택사업 기본계획 및 지구단위계획 수립 용역,도시계획부,진행,비주관사,20190132,04010_C20190132,No folder
C20190146,영월에코에너지 조성사업 토목 기본 및 실시설계 용역,도시설계부,진행,주관사,20190146,04020_C20190146,No folder
C20190160,횡성 앞들2지구 도시개발사업 수립용역(환지방식),도시계획부,준공,주관사,20190160,04010_C20190160,No folder
C20190176,고성 무인기종합타운 투자선도지구 조사설계용역,도시계획부,진행,주관사,20190176,04010_C20190176,No folder
C20190189,필리핀 LRT-2 서측연장사업 컨설팅용역,철도설계부,진행,비주관사,20190189,03010_C20190189,No folder
C20190195,동북선 도시철도 민간투자사업(2공구) 감독 권한대행 등 건설사업관리용역,철도건설관리부,진행,주관사,20190195,03020_C20190195,No folder
C20190206,김해시 자원순환시설 현대화사업 환경영향평가(재협의),환경사업부,진행,주관사,20190206,06010_C20190206,No folder
C20190217,금호워터폴리스 산업단지 진입도로 건설 기본 및 실시설계용역,구조부,준공,주관사,20190217,01030_C20190217,No folder
C20190218,경기양주테크노밸리 조사설계용역,도시설계부,진행,비주관사,20190218,04020_C20190218,No folder
C20190224,한내~덕곡간(1) 4차로 확포장공사 사후환경영향조사용역,환경사업부,진행,비주관사,20190224,06010_C20190224,No folder
C20190232,평택구룡지구 도시개발사업 조사설계 등 용역(1단계),도시계획부,진행,주관사,20190232,04010_C20190232,No folder
C20190241,신안산선 복선전철 민간투자사업 제4공구 노반공사 감독 권한대행 등 건설사업관리용역,철도건설관리부,진행,주관사,20190241,03020_C20190241,No folder
C20190242,신안산선 복선전철 민간투자사업 제6공구 노반공사 감독 권한대행 등 건설사업관리용역,철도건설관리부,진행,비주관사,20190242,03020_C20190242,No folder
C20200020,"신안산선 복선전철(본선 1,2구간) 민간투자사업 사후환경영향조사용역(총체)",환경사업부,진행,주관사,20200020,06010_C20200020,No folder
C20200022,영주다목적댐 건설사업 사후환경영향조사(운영시) 용역,환경사업부,진행,비주관사,20200022,06010_C20200022,No folder
C20200058,국제교류복합지구 도로개선 기본 및 실시설계 용역(3공구),도로부,준공,주관사,20200058,01010_C20200058,No folder
C20200069,과천과천 공공주택지구 조사설계용역,도시설계부,진행,비주관사,20200069,04020_C20200069,No folder
C20200070,하남교산 공공주택지구 기본계획 및 기본설계용역,도시설계부,진행,주관사,20200070,04020_C20200070,No folder
C20200092,당진기지 부지.항만시설 설계 및 건설사업관리용역 중 부지조성(육상) 설계,도시계획부,진행,비주관사,20200092,04010_C20200092,No folder
C20200097,서울00위탁개발사업 지정 제안 및 사전재해영향성 검토 용역,도시계획부,준공,비주관사,20200097,04010_C20200097,No folder
C20200112,원주00지구 도시개발사업 조사설계용역,도시설계부,진행,비주관사,20200112,04020_C20200112,No folder
C20200114,서울특별시 자연재해저감 종합계획 수립 용역(강북지역),수자원부,준공,비주관사,20200114,05010_C20200114,No folder
C20200115,군산항 장항항 사후환경영향조사용역,환경사업부,준공,비주관사,20200115,06010_C20200115,No folder
C20200162,지방도463호선 문혜~대곡간 도로확포장공사 사후환경영향조사 용역,환경사업부,진행,비주관사,20200162,06010_C20200162,No folder
C20200176,"2020년 거제시 어촌뉴딜사업(산전항, 예구항, 저구항) 기본 및 실시설계용역",항만부,준공,주관사,20200176,07020_C20200176,No folder
C20200182,몽골 울란바토르 녹색주택지역 도시재개발사업,도시계획부,진행,비주관사,20200182,04010_C20200182,No folder
C20200191,필리핀 LRT-2 화재로 인한 시스템 및 장비손상 복원사업 컨설팅 용역,철도설계부,진행,주관사,20200191,03010_C20200191,No folder
C20200197,2040년 세종도시기본계획 수립 용역,도시계획부,준공,주관사,20200197,04010_C20200197,No folder
C20200203,대전연축 도시개발사업 조사설계용역,도시설계부,진행,주관사,20200203,04020_C20200203,No folder
C20200207,부천대장 공공주택지구 기본계획 및 기본설계 용역,도시설계부,진행,주관사,20200207,04020_C20200207,No folder
C20200214,영동대로 지하공간 복합개발공사(토목1공구) 감독권한 대행 등 건설사업관리용역,철도건설관리부,진행,주관사,20200214,03020_C20200214,No folder
C20200218,거제시 지방상수도 현대화사업 기본 및 실시설계 용역,상하수도부,준공,주관사,20200218,07010_C20200218,No folder
C20200230,봉강~무안간 도로건설공사 사후환경영향조사용역,환경사업부,진행,주관사,20200230,06010_C20200230,No folder
C20200231,마산해양신도시건설사업 사후환경영향 조사용역,환경사업부,진행,주관사,20200231,06010_C20200231,No folder
C20200251,오송화장품 산업단지 투자선도지구 환경영향평가용역,환경사업부,진행,비주관사,20200251,06010_C20200251,No folder
C20200256,평택 팽성읍 동창리 도시개발사업 전략환경영향평가용역,환경사업부,진행,주관사,20200256,06010_C20200256,No folder
C20200257,평택 팽성읍 동창리 도시개발사업 조사설계용역,도시계획부,진행,주관사,20200257,04010_C20200257,No folder
C20200263,20-국-00부대 사후환경영향조사용역(B272),환경사업부,진행,비주관사,20200263,06010_C20200263,No folder
C20200268,345kV 고덕-서안성T/L 건설공사 사후환경영향조사 용역,환경사업부,진행,주관사,20200268,06010_C20200268,No folder
C20200270,양산시 지방상수도 현대화사업 기본 및 실시설계용역-시설물조사,상하수도부,진행,주관사,20200270,07010_C20200270,No folder
C20200273,방글라데시 지능형교통체계(ITS) 활용 국가 간선도로망 강화사업 PMC용역,교통부,진행,주관사,20200273,01050_C20200273,No folder
C20200279,남해 해안경관지구 프로젝트 기본구상 용역,도시계획부,준공,주관사,20200279,04010_C20200279,No folder
C20210001,동읍~봉강간 도로건설공사 사후환경영향조사용역,환경사업부,진행,주관사,20210001,06010_C20210001,No folder
C20210003,창원시 완충저류시설 임대형 민간투자사업(기본설계),상하수도부,진행,주관사,20210003,07010_C20210003,No folder
C20210004,"밀양 농어촌관광휴양단지 조성사업 사후환경영향조사(공사시,운영시) 및 환경보전방안",환경사업부,진행,주관사,20210004,06010_C20210004,No folder
C20210012,호남고속철도 2단계(고막원~목포) 건설사업 제7공구 노반신설 기타공사 감독 권한대행 등 건설사업관리용역,철도건설관리부,진행,주관사,20210012,03020_C20210012,No folder
C20210013,인덕원~동탄 복선전철 제1공구 및 월곶~판교 복선전철 제8공구 건설공사 감독 권한대행 등 건설사업관리용역,철도건설관리부,진행,주관사,20210013,03020_C20210013,No folder
C20210017,안동 와룡~봉화 법전 사후환경영향조사용역,환경사업부,진행,비주관사,20210017,06010_C20210017,No folder
C20210032,충북20산단1 개발사업 조사설계용역,도시계획부,진행,주관사,20210032,04010_C20210032,No folder
C20210034,한국화훼농협 수도권(고양)화훼종합유통센터 신축공사 “도시계획시설결정 및 실시계획인가(진입도로)”용역,도시계획부,진행,비주관사,20210034,04010_C20210034,No folder
C20210041,대전연축 도시개발사업 교통영향평가용역,교통부,준공,주관사,20210041,01050_C20210041,No folder
C20210043,수품항 정비공사 사후환경영향조사용역(공사시) ,환경사업부,진행,비주관사,20210043,06010_C20210043,No folder
C20210046,의왕 오매기지구 도시개발사업 민간사업자 제안서작성,도시계획부,진행,주관사,20210046,04010_C20210046,No folder
C20210066,원주 무실동 도시개발사업(구역지정 및 지구단위계획) 용역,도시계획부,진행,주관사,20210066,04010_C20210066,No folder
C20210067,춘천 온의지구 공공지원 민간임대 주택공급 촉진지구 기본계획 및 지구단위계획수립 용역,도시계획부,진행,주관사,20210067,04010_C20210067,No folder
C20210073,서울영등포 공공주택지구 조사설계용역,도시계획부,진행,주관사,20210073,04010_C20210073,No folder
C20210083,주안지구 우수저류시설 설치사업 실시설계용역,수자원부,준공,주관사,20210083,05010_C20210083,No folder
C20210090,충북20공공지원1 전략환경영향평가 용역,환경사업부,준공,비주관사,20210090,06010_C20210090,No folder
C20210092,광명~서울 고속도로 민간투자사업 부천시구간 GB관리계획(변경) 및 도시관리계획(변경)결정 용역,도시계획부,진행,주관사,20210092,04010_C20210092,No folder
C20210095,부천영상문화산업단지 도시관리계획(변경) 및 설계용역,도시계획부,진행,주관사,20210095,04010_C20210095,No folder
C20210096,부천영상문화산업단지 도시관리계획(변경) 환경영향평가용역,환경사업부,진행,주관사,20210096,06010_C20210096,No folder
C20210101,이천 친환경조성사업 외 1건 기본 및 실시설계 용역,수자원부,준공,비주관사,20210101,05010_C20210101,No folder
C20210112,황강 용주지구 하천환경정비사업 환경영향평가용역,환경사업부,준공,비주관사,20210112,06010_C20210112,No folder
C20210113,호남고속도로(김제~삼례) 확장사업 전략 및 환경영향평가,환경사업부,진행,비주관사,20210113,06010_C20210113,No folder
C20210114,창원 사화공원 민간공원조성 특례사업 사후환경영향조사(전체),환경사업부,진행,주관사,20210114,06010_C20210114,No folder
C20210119,부산남항 서방파제 재해취약지구 정비사업 기본 및 실시설계 용역,항만부,준공,주관사,20210119,07020_C20210119,No folder
C20210127,양산시 지방상수도 현대화사업 기본 및 실시설계용역-블록구축 및 관망도 작성,상하수도부,진행,주관사,20210127,07010_C20210127,No folder
C20210129,회야하수처리시설 증설사업 실시설계용역,상하수도부,준공,주관사,20210129,07010_C20210129,No folder
C20210132,포스코 포항제철소 신규 설비확장부지 산업단지계획 변경(도시계획분야)용역,도시계획부,진행,비주관사,20210132,04010_C20210132,No folder
C20210133,제주동부 공공지원민간임대 공급촉진지구 조성사업 환경영향평가용역,환경사업부,진행,주관사,20210133,06010_C20210133,No folder
C20210135,아산국가산업단지(우정지구)유보지 조성사업 환경영향평가 용역,환경사업부,진행,주관사,20210135,06010_C20210135,No folder
C20210165,성산 농어촌마을 하수도 설치사업 실시설계 용역,상하수도부,준공,비주관사,20210165,07010_C20210165,No folder
C20210166,태백 철암 고터실 산업단지 조성사업 개발계획수립 및 기본.실시설계 용역,도시계획부,준공,비주관사,20210166,04010_C20210166,No folder
C20210169,매송 공공하수처리시설 증설 설치사업 기본 및 실시설계,상하수도부,진행,비주관사,20210169,07010_C20210169,No folder
C20210174,세종시 장군면 도시개발사업 조사설계용역,도시계획부,진행,비주관사,20210174,04010_C20210174,No folder
C20210183,용인 삼가지구 복합개발사업에 따른 지형현황측량,플랫폼사업실,진행,비주관사,20210183,10010_C20210183,No folder
C20210188,하남교산 공공주택지구 실시설계용역,도시설계부,진행,비주관사,20210188,04020_C20210188,No folder
C20210189,충주안림 도시개발사업지구(환지방식) 조사설계용역,도시설계부,진행,비주관사,20210189,04020_C20210189,No folder
C20210196,대전차량기술단 인입철도 이설공사 감독 권한대행 등 건설사업관리용역,철도건설관리부,진행,비주관사,20210196,03020_C20210196,No folder
C20210199,황룡강 송정지구 소규모환경영향평가용역,환경사업부,준공,비주관사,20210199,06010_C20210199,No folder
C20210203,김포시 대곶면 대벽리 일반산업단지 조사설계 용역,도시계획부,진행,비주관사,20210203,04010_C20210203,No folder
C20210204,섬진강댐 및 섬진강댐 하류권역 하천기본계획 전략환경영향평가용역,환경사업부,준공,비주관사,20210204,06010_C20210204,No folder
C20210205,하동군 친환경에너지타운 조성사업 기본 및 실시설계,상하수도부,진행,비주관사,20210205,07010_C20210205,No folder
C20210214,춘천~속초 철도건설 제3공구 노반 실시설계용역,철도설계부,준공,비주관사,20210214,03010_C20210214,No folder
C20210218,축산자원개발부 이전사업 전략환경영향평가 용역,환경사업부,준공,비주관사,20210218,06010_C20210218,No folder
C20210219,인천 항동 물류창고 개발사업 용역,도시계획부,진행,비주관사,20210219,04010_C20210219,No folder
C20210220,검암 플라시아 복합환승센터 복합개발사업 민간사업자 공모 사업제안서 작성용역 중 개발계획부문(도시계획) 사업계획서 작성,도시계획부,진행,비주관사,20210220,04010_C20210220,No folder
C20210227,태백선 초리천2교 등 3개소 교량확장 기타공사 감독 권한대행 등 건설사업관리용역,철도건설관리부,준공,비주관사,20210227,03020_C20210227,No folder
C20210233,베트남 케넷철도 재건사업 실시설계 및 건설사업관리,철도설계부,진행,비주관사,20210233,03010_C20210233,No folder
C20210236,섬진강 등 3개 국가하천 유지관리계획 수립용역,수자원부,진행,비주관사,20210236,05010_C20210236,No folder
C20210237,베트남 북부 산악지방 교통 연결사업-조달지원 및 시공감리 용역,구조부,진행,비주관사,20210237,01030_C20210237,No folder
C20210241,혁신원자력연구단지 조성사업 사후환경영향조사용역(공사시),환경사업부,진행,비주관사,20210241,06010_C20210241,No folder
C20210242,가사 자연재해위험개선지구 정비사업 실시설계용역,수자원부,준공,비주관사,20210242,05010_C20210242,No folder
C20210246,인도네시아 자카르타 광역권 지능형교통체계(ITS) 마스터플랜 수립 및 시범시스템 구축사업 사업수행용역(PC),교통부,진행,비주관사,20210246,01050_C20210246,No folder
C20210247,엘살바도르 산살바도르 도시교통 마스터플랜 수립 및 교통신호체계 개선사업 PMC용역,교통부,진행,비주관사,20210247,01050_C20210247,No folder
C20210250,윗배우니천(소하천) 정비사업 실시설계 용역,수자원부,준공,비주관사,20210250,05010_C20210250,No folder
C20210252,파라과이 아순시온 도시교통혼잡 완화를 위한 대중교통개선사업 수행용역업체(PC) 선정(1단계),교통부,진행,비주관사,20210252,01050_C20210252,No folder
C20210253,만경강 외 2개소 국가하천 제방안전성 평가 및 정보지도 작성용역,수자원부,진행,비주관사,20210253,05010_C20210253,No folder
C20220003,세종 눌왕지구 도시개발사업 조사설계용역(재해),도시계획부,진행,비주관사,20220003,04010_C20220003,No folder
C20220004,세종 눌왕지구 도시개발사업 조사설계용역(환경),환경사업부,진행,비주관사,20220004,06010_C20220004,No folder
C20220005,별내선 연장사업 예비타당성조사의 기술적 검토 및 비용추정,철도설계부,준공,비주관사,20220005,03010_C20220005,No folder
C20220006,양산덕계 공공지원민간임대주택 공급촉진지구 조사설계용역,도시계획부,진행,비주관사,20220006,04010_C20220006,No folder
C20220013,신안산선 장하역 사후환경영향조사 용역,환경사업부,진행,비주관사,20220013,06010_C20220013,No folder
C20220031,신촌2 에피소드 개발사업 사후 지하안전영향조사,지반부,진행,비주관사,20220031,01040_C20220031,No folder
C20220034,강릉 하시동지구 연안정비사업 기본 및 실시설계용역,항만부,진행,비주관사,20220034,07020_C20220034,No folder
C20220035,하수도정비 중점관리지역(동천배수구역) 정비사업 기본 및 실시설계용역,상하수도부,준공,비주관사,20220035,07010_C20220035,No folder
C20220041,호남선 원평천교 등 72개소 내진성능평가 및 실시설계 용역,철도설계부,진행,비주관사,20220041,03010_C20220041,No folder
C20220043,한국화훼농협 수도권(고양)화훼종합유통센터 건립사업 “도시계획시설결정 및 실시계획인가(신규취득부지)”용역,도시계획부,진행,비주관사,20220043,04010_C20220043,No folder
C20220044,한국화훼농협 수도권(고양)화훼종합유통센터 건립사업 “GB관리계획 변경(경미한사항-신규취득부지)”용역,도시계획부,진행,비주관사,20220044,04010_C20220044,No folder
C20220045,한국화훼농협 수도권(고양)화훼종합유통센터 건립사업 “재해영향성평가 변경협의(신규취득부지)”용역,도시계획부,진행,비주관사,20220045,04010_C20220045,No folder
C20220052,시흥시 도로건설·관리계획 수립 용역(자전거이용 활성화계획 수립 포함),교통부,진행,비주관사,20220052,01050_C20220052,No folder
C20220053,포천시 도로건설관리계획 및 농어촌도로 기본(정비)계획 수립 용역,교통부,준공,비주관사,20220053,01050_C20220053,No folder
C20220056,다산 자연재해위험개선지구 정비사업 실시설계 용역,수자원부,준공,비주관사,20220056,05010_C20220056,No folder
C20220065,성남시 수정구 고등동 공공지원민간임대주택공급촉진사업 제안서 작성 용역,도시계획부,진행,비주관사,20220065,04010_C20220065,No folder
C20220066,노량항 건설공사 사후환경영향조사(운영시)용역,환경사업부,진행,비주관사,20220066,06010_C20220066,No folder
C20220070,삼성동탄 광역급행철도 제5공구 노반신설 기타공사 중 철도보호지구내 안전점검원 배치용역,철도건설관리부,진행,비주관사,20220070,03020_C20220070,No folder
C20220071,남양주왕숙 공공주택지구 지구외도로 소규모 환경영향평가용역,환경사업부,진행,비주관사,20220071,06010_C20220071,No folder
C20220073,계실지구 다목적농촌용수개발사업 세부설계 외주용역,수자원부,준공,비주관사,20220073,05010_C20220073,No folder
C20220074,평택시 성장관리계획 수립 용역,도시계획부,준공,비주관사,20220074,04010_C20220074,No folder
C20220075,평택구룡지구 도시개발사업 조사설계 등 용역(2단계),도시계획부,진행,비주관사,20220075,04010_C20220075,No folder
C20220078,청주 북이산업단지 조성사업 사후환경영향조사 용역,환경사업부,진행,비주관사,20220078,06010_C20220078,No folder
C20220079,타지키스탄 CARs-4/QCBS-01 도로 업그레이드 건설 기본 및 실시설계,구조부,준공,비주관사,20220079,01030_C20220079,No folder
C20220090,예산군 소규모공공시설 안전점검 및 정비계획 수립용역,수자원부,준공,비주관사,20220090,05010_C20220090,No folder
C20220094,상계1-3 소구역 하수관로 정비사업 기본 및 실시설계용역,상하수도부,준공,비주관사,20220094,07010_C20220094,No folder
C20220100,충북선 오송~청주간 석화건널목 입체화공사 감독권한대행 등 건설사업관리용역,철도건설관리부,진행,비주관사,20220100,03020_C20220100,No folder
C20220102,고양창릉 공공주택지구 조성공사 실시설계용역,도시설계부,진행,비주관사,20220102,04020_C20220102,No folder
C20220110,남부내륙철도 제3공구 노반 기본 및 실시설계 용역,철도설계부,진행,비주관사,20220110,03010_C20220110,No folder
C20220111,남부내륙철도 제8공구 노반 기본 및 실시설계 용역,철도설계부,진행,비주관사,20220111,03010_C20220111,No folder
C20220116,송지천 등 5개 하천 하천재해예방사업 전략 및 소규모환경영향평가용역,환경사업부,준공,비주관사,20220116,06010_C20220116,No folder
C20220123,군산공업용수도 노후관 개량사업(1차) 기본 및 실시설계용역,상하수도부,준공,비주관사,20220123,07010_C20220123,No folder
C20220125,충북선 증평~도안 등 5개소 방음벽 설치공사 감독권한대행 등 건설사업관리용역,철도건설관리부,준공,비주관사,20220125,03020_C20220125,No folder
C20220126,호남선 서대전~가수원 등 6개소 방음벽 설치공사 감독권한대행 등 건설사업관리용역,철도건설관리부,준공,비주관사,20220126,03020_C20220126,No folder
C20220134,경기21 공공주택 03지구 및 04지구 사업타당성조사 용역,도시계획부,준공,비주관사,20220134,04010_C20220134,No folder
C20220149,보청천권역 하천기본계획수립 전략환경영향평가용역,환경사업부,준공,비주관사,20220149,06010_C20220149,No folder
C20220150,신규 항만 기본계획 수립용역,항만부,준공,비주관사,20220150,07020_C20220150,No folder
C20220151,광양만권경제자유구역 경도지구 오수처리계획 변경 용역,상하수도부,진행,비주관사,20220151,07010_C20220151,No folder
C20220163,광양시 도로건설 관리계획 및 농어촌도로 기본계획 수립 용역,교통부,준공,비주관사,20220163,01050_C20220163,No folder
C20220182,신안 비금~암태 도로건설공사 전략 및 환경영향평가용역,환경사업부,진행,비주관사,20220182,06010_C20220182,No folder
C20220186,(재)삼성개발공원묘원 자연장지 조성사업 도시관리계획 변경 및 실시계획인가 용역(환경),환경사업부,진행,비주관사,20220186,06010_C20220186,No folder
C20220188,무주 설천~무풍 도로시설개량공사 교통영향평가용역,교통부,준공,비주관사,20220188,01050_C20220188,No folder
C20220189,안산장상 공공주택지구 지구외도로(접속시설) 조사설계용역,구조부,진행,비주관사,20220189,01030_C20220189,No folder
C20220190,파크골프장 추가 조성 소규모환경영향평가 용역,환경사업부,준공,비주관사,20220190,06010_C20220190,No folder
C20220193,신안산선 학온역 사후환경영향조사 용역,환경사업부,진행,비주관사,20220193,06010_C20220193,No folder
C20220194,신안산선 국제테마파크역 사후환경영향조사 용역,환경사업부,진행,비주관사,20220194,06010_C20220194,No folder
C20220195,신안산선 매화역 사후환경영향조사 용역,환경사업부,진행,비주관사,20220195,06010_C20220195,No folder
C20220201,김포 운양지구 도시개발사업 조사설계 용역,도시계획부,진행,비주관사,20220201,04010_C20220201,No folder
C20220202,연천군 전곡읍 은대리 공공지원민간임대주택 공급촉진지구 조사설계용역,도시계획부,진행,비주관사,20220202,04010_C20220202,No folder
C20220203,연천군 전곡읍 은대리 공공지원민간임대주택 공급촉진지구 조사설계용역(재해),도시계획부,진행,비주관사,20220203,04010_C20220203,No folder
C20220204,연천군 전곡읍 은대리 공공지원민간임대주택 공급촉진지구 조사설계용역(환경),환경사업부,진행,비주관사,20220204,06010_C20220204,No folder
C20220205,봉담분천지구 도시개발사업 도시계획 설계 및 기술행정자문 용역,도시계획부,진행,비주관사,20220205,04010_C20220205,No folder
C20220206,봉담분천지구 도시개발사업 소규모환경영향평가 용역,환경사업부,진행,비주관사,20220206,06010_C20220206,No folder
C20220207,봉담분천지구 도시개발사업 재해영향평가 용역,도시계획부,진행,비주관사,20220207,04010_C20220207,No folder
C20220210,베트남 흥옌성 산업단지 1구역 사업타당성 조사용역,도시계획부,준공,비주관사,20220210,04010_C20220210,No folder
C20220215,에티오피아 아디스아바바 강변개발 마스터플랜 수립지원 및 Sheger강 상류 수질 및 수변정화 사업 PMC 용역,도시계획부,준공,비주관사,20220215,04010_C20220215,No folder
C20220216,상남특별 농공단지계획(변경) 수립용역,도시계획부,진행,비주관사,20220216,04010_C20220216,No folder
C20220219,소하천구역 지정 및 지형도면고시(후동소하천 외 2개소 소하천정비사업) 용역,수자원부,준공,비주관사,20220219,05010_C20220219,No folder
C20220220,송도국제도시 교통영향평가(변경) 용역,교통부,진행,비주관사,20220220,01050_C20220220,No folder
C20220222,원주 무실동 공공지원 민간임대주택사업 기본계획 및 지구단위계획 수립 용역,도시계획부,진행,비주관사,20220222,04010_C20220222,No folder
C20220223,영동대로 지하공간 복합개발 4공구 건설공사(토목) 변경설계,구조부,준공,비주관사,20220223,01030_C20220223,No folder
C20220224,신대방삼거리역 ○○주택조합 주택건설사업 도시계획 인허가 용역,도시계획부,진행,비주관사,20220224,04010_C20220224,No folder
C20220226,서울 신길2 도심공공주택 복합사업 교통영향평가용역,교통부,진행,비주관사,20220226,01050_C20220226,No folder
C20220227,영월에코윈드(2단계) 조성사업 토목 기본 및 실시설계 용역,도시설계부,진행,비주관사,20220227,04020_C20220227,No folder
C20220228,국도31호선 인제상남-기린 도로건설공사 전략 및 환경영향평가용역,환경사업부,진행,비주관사,20220228,06010_C20220228,No folder
C20220240,성남복정2 공공주택지구 환경보전방안 검토서 작성용역(3차),환경사업부,준공,비주관사,20220240,06010_C20220240,No folder
C20220241,천안~청주공항 복선전철 노반 기본 및 실시설계용역,철도설계부,진행,비주관사,20220241,03010_C20220241,No folder
C20220242,필리핀 MRT 7호선 Independent Consultant 사업,철도설계부,진행,비주관사,20220242,03010_C20220242,No folder
C20220243,태안 근흥 정죽~두야 도로건설공사 전략 및 환경영향평가,환경사업부,진행,비주관사,20220243,06010_C20220243,No folder
C20220244,평택 지제역 도시개발사업 조사설계용역,도시계획부,진행,비주관사,20220244,04010_C20220244,No folder
C20220245,평택 지제역 도시개발사업 전략환경영향평가용역,환경사업부,진행,비주관사,20220245,06010_C20220245,No folder
C20220249,송파하남선 광역철도 타당성평가 및 기본계획 수립용역,철도설계부,진행,비주관사,20220249,03010_C20220249,No folder
C20220251,위례신사선 도시철도 민간투자사업 환경영향평가 용역,환경사업부,준공,비주관사,20220251,06010_C20220251,No folder
C20220252,경부고속철도 갑천교 외 9개 교량 내진성능보강공사 감독권한대행 등 건설사업관리용역,철도건설관리부,진행,비주관사,20220252,03020_C20220252,No folder
C20220253,경부고속철도 팔곡고가 외 7개 교량 내진성능보강공사 감독권한대행 등 건설사업관리용역,철도건설관리부,진행,비주관사,20220253,03020_C20220253,No folder
C20220259,반변천권역(명계천외 19개하천) 하천기본계획 수립 및 하천시설관리대장 작성용역,수자원부,진행,비주관사,20220259,05010_C20220259,No folder
C20220261,광역 및 공업용수도 자산관리체계 시범구축 확대 용역(3권역),상하수도부,준공,비주관사,20220261,07010_C20220261,No folder
C20220262,경남항공 국가산단 스마트그린산단 종합계획 수립,도시계획부,준공,비주관사,20220262,04010_C20220262,No folder
C20220267,용동천 외 1개 하천 재해복구사업 실시설계용역,수자원부,준공,비주관사,20220267,05010_C20220267,No folder
C20220270,"서낙동강,수영강,함안천권역 하천기본계획(변경) 수립 및 하천시설관리대장 작성 용역",수자원부,진행,비주관사,20220270,05010_C20220270,No folder
C20220275,양재 빗물펌프장 증설 및 유역확장사업 기본 및 실시설계 용역,상하수도부,진행,비주관사,20220275,07010_C20220275,No folder
C20220277,무심동로~오창IC 도로건설공사 사후환경영향조사 용역,환경사업부,진행,비주관사,20220277,06010_C20220277,No folder
C20220283,상남특별 농공단지계획(변경) 재해영향평가 용역,수자원부,진행,비주관사,20220283,05010_C20220283,No folder
C20220284,상남특별 농공단지계획(변경) 전략환경영향평가 용역,환경사업부,진행,비주관사,20220284,06010_C20220284,No folder
C20230002,"파푸아뉴기니 바니모, 위왁항 및 북부도로 타당성조사 및 실시설계",항만부,진행,비주관사,20230002,07020_C20230002,No folder
C20230003,당진 성장관리계획구역 지정 및 성장관리계획 수립 용역,도시계획부,준공,비주관사,20230003,04010_C20230003,No folder
C20230007,봉화군 물 재이용 관리계획(변경) 수립 용역,상하수도부,준공,비주관사,20230007,07010_C20230007,No folder
C20230008,대중교통 실태분석 및 버스체계 용역,교통부,준공,비주관사,20230008,01050_C20230008,No folder
C20230009,용인 성복지구 도시개발사업에 따른 지형현황측량,플랫폼사업실,진행,비주관사,20230009,10010_C20230009,No folder
C20230016,500kV 동해안-신가평T/L 건설공사(동부-1구간) 사후환경영향조사 용역,환경사업부,진행,비주관사,20230016,06010_C20230016,No folder
C20230021,월포 자연재해위험개선지구 정비사업 기본 및 실시설계 용역,항만부,진행,비주관사,20230021,07020_C20230021,No folder
C20230022,의정부법조타운 공공주택지구 조사설계용역,도시설계부,진행,비주관사,20230022,04020_C20230022,No folder
C20230024,남양주왕숙 공공주택지구 사후환경영향조사(공사시) 용역,환경사업부,진행,비주관사,20230024,06010_C20230024,No folder
C20230029,남양주왕숙 국도47호선 이설(지하화)공사 T/K 입찰(기본)설계 용역,구조부,준공,비주관사,20230029,01030_C20230029,No folder
C20230031,보성군 조성 자연재해위험 개선지구 정비사업 타당성조사 및 기본계획수립용역,수자원부,준공,비주관사,20230031,05010_C20230031,No folder
C20230033,승학터널 민간투자사업 환경영향평가 용역,환경사업부,진행,비주관사,20230033,06010_C20230033,No folder
C20230034,삽교천권역 하천기본계획  및 하천시설관리대장작성 용역,수자원부,진행,비주관사,20230034,05010_C20230034,No folder
C20230037,소하천구역 지정 및 지형도면고시 용역(봉산소하천 외 4개소 소하천정비사업),수자원부,준공,비주관사,20230037,05010_C20230037,No folder
C20230041,창원남천유역 비점오염저감시설 설치사업 기본 및 실시설계 용역,상하수도부,준공,비주관사,20230041,07010_C20230041,No folder
C20230044,우주발사체 사이언스 콤플렉스 조성 타당성조사 기획연구,도시계획부,준공,비주관사,20230044,04010_C20230044,No folder
C20230045,진도군 도로건설 관리계획 및 농어촌도로 기본계획 수립용역,교통부,준공,비주관사,20230045,01050_C20230045,No folder
C20230046,당본지구 급경사지 붕괴위험지역 정비사업 소규모환경영향평가 용역,환경사업부,준공,비주관사,20230046,06010_C20230046,No folder
C20230051,지방도415호선 신월~여량간 도로확포장공사 사후환경영향조사 용역,환경사업부,진행,비주관사,20230051,06010_C20230051,No folder
C20230053,김포시 도로건설 관리계획 수립 용역,교통부,준공,비주관사,20230053,01050_C20230053,No folder
C20230054,산본신도시 정비기본계획 수립 용역,도시계획부,진행,비주관사,20230054,04010_C20230054,No folder
C20230061,태백선 태백~문곡 등 14개소 방음벽 개량공사 실시설계 용역,철도설계부,준공,비주관사,20230061,03010_C20230061,No folder
C20230064,"국가어항 지정, 개발방식 개편 방안 및 타당성 조사 용역",항만부,진행,비주관사,20230064,07020_C20230064,No folder
C20230065,경부선 철도 지하화 사업 실행계획수립용역,도시계획부,진행,비주관사,20230065,04010_C20230065,No folder
C20230068,영산강 나주지구 통합하천사업 타당성 및 기본계획 검토용역,수자원부,진행,비주관사,20230068,05010_C20230068,No folder
C20230073,칠서취수장 시설개선(신설)사업 기본 및 실시설계용역,상하수도부,진행,비주관사,20230073,07010_C20230073,No folder
C20230078,국도35호선 하방교 등 7개소 정밀안전점검 기술용역,안전진단부,준공,비주관사,20230078,01060_C20230078,No folder
C20230079,국도58호선 삼랑진교 등 8개소 정밀안전점검 등 기술용역,안전진단부,준공,비주관사,20230079,01060_C20230079,No folder
C20230080,신분당선 광교~호매실 복선전철 제1공구 건설공사(T/K) 실시설계,철도설계부,진행,비주관사,20230080,03010_C20230080,No folder
C20230081,홍천강 하천정비사업(3개지구) 환경영향평가용역,환경사업부,진행,비주관사,20230081,06010_C20230081,No folder
C20230086,154kV 청리-영동T/L 소규모환경영향평가 용역,환경사업부,진행,비주관사,20230086,06010_C20230086,No folder
C20230087,(용역)새만금국제공항 건설공사 기본설계 설계용역(공항/토질 및 기초),공항및인프라사업부,준공,비주관사,20230087,01020_C20230087,No folder
C20230088,강릉~제진 단선전철 제4공구 건설공사(T/K) 감독권한대행 등 건설사업관리용역,철도건설관리부,진행,비주관사,20230088,03020_C20230088,No folder
C20230089,수원시 주차장 수급실태조사 및 타당성 조사용역,교통부,준공,비주관사,20230089,01050_C20230089,No folder
C20230091,2023년도 구조물 정밀안전진단 및 성능평가 용역(대전충남 P6),안전진단부,준공,비주관사,20230091,01060_C20230091,No folder
C20230092,2023년도 구조물 정밀안전진단 및 성능평가 용역(수도권 P3),안전진단부,준공,비주관사,20230092,01060_C20230092,No folder
C20230093,나주00 국가산업단지 개발사업 조사설계용역,도시계획부,진행,비주관사,20230093,04010_C20230093,No folder
C20230094,평택~오송 2복선화 제4공구 건설공사(T/K) 감독권한대행 등 건설사업관리용역,철도건설관리부,진행,비주관사,20230094,03020_C20230094,No folder
C20230098,용기포항 배후부지 활용방안 기본구상용역,항만부,준공,비주관사,20230098,07020_C20230098,No folder
C20230099,동해북부 단위유역 유역하수도 정비계획 변경수립용역,상하수도부,준공,비주관사,20230099,07010_C20230099,No folder
C20230105,345kV 신장성S/S 토건공사 실시설계용역(토목분),도시설계부,진행,비주관사,20230105,04020_C20230105,No folder
C20230107,합천군 정수장 기술진단 용역,상하수도부,준공,비주관사,20230107,07010_C20230107,No folder
C20230109,포항 우목죽천지구 도시개발사업 조사설계 용역,도시계획부,진행,비주관사,20230109,04010_C20230109,No folder
C20230110,포항 임곡지구 도시개발사업 조사설계 용역,도시계획부,진행,비주관사,20230110,04010_C20230110,No folder
C20230111,향남2택지 지구 내 기반시설 설치공사 설계용역,구조부,진행,비주관사,20230111,01030_C20230111,No folder
C20230112,"석수역 주변 도시개발사업 개발계획(변경),실시계획(변경) 및 환지처분 용역",도시계획부,진행,비주관사,20230112,04010_C20230112,No folder
C20230113,비응항 정온도 개선사업 사후환경영향조사용역(운영시),환경사업부,진행,비주관사,20230113,06010_C20230113,No folder
C20230116,진주시 하수도정비 기본계획(변경) 수립 용역,상하수도부,진행,비주관사,20230116,07010_C20230116,No folder
C20230117,2023년도 구조물 정밀안전점검·진단 및 성능평가 통합 용역(충북 S3),안전진단부,준공,비주관사,20230117,01060_C20230117,No folder
C20230118,새만금 지역간 연결도로 전략·환경영향평가 및 해역이용협의 용역,환경사업부,진행,비주관사,20230118,06010_C20230118,No folder
C20230119,성남시 도시교통정비 중기계획 수립 용역,교통부,준공,비주관사,20230119,01050_C20230119,No folder
C20230121,베트남 하남 신도시 개발사업 예비 타당성조사,도시계획부,준공,비주관사,20230121,04010_C20230121,No folder
C20230122,파주 준공지구 도시관리계획(지구단위계획) 변경 용역,도시계획부,진행,비주관사,20230122,04010_C20230122,No folder
C20230123,청도군 물 재이용 관리계획(변경) 수립 용역,상하수도부,준공,비주관사,20230123,07010_C20230123,No folder
C20230124,새다리 중계펌프장 주변 침수원인 조사용역,상하수도부,준공,비주관사,20230124,07010_C20230124,No folder
C20230125,귀조천외 2개소 소하천 정비사업 실시설계용역,수자원부,준공,비주관사,20230125,05010_C20230125,No folder
C20230126,나주 에너지 국가산업단지 연계교통체계구축대책 수립 및 교통영향평가 용역,교통부,진행,비주관사,20230126,01050_C20230126,No folder
C20230127,특리지구 다목적농촌용수개발사업 세부설계 용역(PQ),수자원부,진행,비주관사,20230127,05010_C20230127,No folder
C20230128,2023년 교량 내진성능평가 및 내진보강 설계용역(1구간),구조부,준공,비주관사,20230128,01030_C20230128,No folder
C20230130,2030년 양산도시관리계획(재정비) 수립 용역,도시계획부,진행,비주관사,20230130,04010_C20230130,No folder
C20230131,장성 동화~서삼 국가지원지방도 건설공사 교통영향평가용역,교통부,진행,비주관사,20230131,01050_C20230131,No folder
C20230132,전주권 광역상수도 관로 복선화사업 기본 및 실시설계 용역(3공구),상하수도부,진행,비주관사,20230132,07010_C20230132,No folder
C20230135,광주효천1 도시개발사업 사후환경영향조사(운영시) 용역,환경사업부,진행,비주관사,20230135,06010_C20230135,No folder
C20230139,황룡강 평림지구 하천환경정비사업 실시설계용역,수자원부,진행,비주관사,20230139,05010_C20230139,No folder
C20230141,홍천 비발디파크 관광단지 인프라 재정비계획 수립 용역,상하수도부,진행,비주관사,20230141,07010_C20230141,No folder
C20230142,산장지구 다목적농촌용수개발사업 기본계획 용역,수자원부,준공,비주관사,20230142,05010_C20230142,No folder
C20230143,덕산지구 배수개선사업 세부설계 용역,수자원부,준공,비주관사,20230143,05010_C20230143,No folder
C20230144,고천암3지구 배수개선사업 세부설계 용역,수자원부,준공,비주관사,20230144,05010_C20230144,No folder
C20230146,양화 자연재해위험 개선지구 정비사업 실시설계용역,수자원부,준공,비주관사,20230146,05010_C20230146,No folder
C20230147,2023년 인천1호선 계양~예술회관 궤도시설 정밀진단 용역,철도설계부,준공,비주관사,20230147,03010_C20230147,No folder
C20230154,평창터널 민간투자사업 전략환경영향평가 용역,환경사업부,진행,비주관사,20230154,06010_C20230154,No folder
C20230155,2030년 양산시 도시공업지역 기본계획 수립 용역,도시계획부,진행,비주관사,20230155,04010_C20230155,No folder
C20230158,울산 남신항 2단계 철재부두 축조공사 기본 및 실시설계용역,항만부,준공,비주관사,20230158,07020_C20230158,No folder
C20230159,남양주왕숙 국도47호선 이설(지하화)공사 T/K 실시설계 용역,구조부,진행,비주관사,20230159,01030_C20230159,No folder
C20230161,일광공공하수처리시설 증설공사 기본 및 실시설계 용역,상하수도부,진행,비주관사,20230161,07010_C20230161,No folder
C20230162,고성 천연가스발전 건설사업 소규모 지하안전평가 용역,지반부,준공,비주관사,20230162,01040_C20230162,No folder
C20230166,(2023/24 KSP-IDB 공동컨설팅) 아르헨티나 하수처리수 재이용 계획 수립 용역,상하수도부,준공,비주관사,20230166,07010_C20230166,No folder
C20230170,광주송정~순천 철도건설 제5공구 노반 기본 및 실시설계 용역,철도설계부,진행,비주관사,20230170,03010_C20230170,No folder
C20230171,호산동 일원 노후하수관로 정비사업 실시설계용역,상하수도부,준공,비주관사,20230171,07010_C20230171,No folder
C20230172,수서~광주 복선전철 제2공구 건설공사(T/K) 기본설계용역 [설계비],철도설계부,준공,비주관사,20230172,03010_C20230172,No folder
C20230173,백령도 소형공항 건설사업 타당성평가 및 기본계획수립 중 측량분야,플랫폼사업실,진행,비주관사,20230173,10010_C20230173,No folder
C20230175,500kV HVDC 신가평-수도권 송전선로 건설사업 환경영향평가 용역,환경사업부,진행,비주관사,20230175,06010_C20230175,No folder
C20230177,안양천 파크골프장18홀 소규모 환경영향평가 용역,환경사업부,준공,비주관사,20230177,06010_C20230177,No folder
C20230179,2023년 3호선 지축~대청간 궤도시설 정밀진단 및 성능평가용역,철도설계부,준공,비주관사,20230179,03010_C20230179,No folder
C20230182,남해 서면-여수 신덕 국도건설공사 교통안전시설진단 및 교통영향평가용역,교통부,준공,비주관사,20230182,01050_C20230182,No folder
C20230183,승기하수처리구역 하수관로 기술진단 용역,상하수도부,준공,비주관사,20230183,07010_C20230183,No folder
C20230184,소안~구도 연도교 개설공사 기본 및 실시설계용역,구조부,진행,비주관사,20230184,01030_C20230184,No folder
C20230188,부천대장 공공주택지구 광역교통개선대책 변경수립 용역,교통부,진행,비주관사,20230188,01050_C20230188,No folder
C20230189,공동주택(23년 경기북부1권역) 교통영향평가 용역,교통부,진행,비주관사,20230189,01050_C20230189,No folder
C20230194,갑천(지방)권역 하천기본계획 전략환경영향평가 용역,환경사업부,진행,비주관사,20230194,06010_C20230194,No folder
C20230196,병산항지구 자연재해위험개선지구 지정 타당성조사 및 기본계획수립 용역,수자원부,준공,비주관사,20230196,05010_C20230196,No folder
C20230198,반지1구역 재건축사업 소규모 지하안전평가 용역,지반부,진행,비주관사,20230198,01040_C20230198,No folder
C20230199,용인~광주 고속화도로 민간투자사업 전략환경영향평가 용역,환경사업부,진행,비주관사,20230199,06010_C20230199,No folder
C20230201,OO 에코타운 조성사업 환경영향평가,환경사업부,진행,비주관사,20230201,06010_C20230201,No folder
C20230202,안양천 파크골프장 소규모환경영향평가 용역,환경사업부,준공,비주관사,20230202,06010_C20230202,No folder
C20230203,잠비아 페이라(Feira) 교량 타당성 조사 및 실시설계,구조부,진행,비주관사,20230203,01030_C20230203,No folder
C20230205,대연지구 자연재해위험개선지구지정 타당성 조사 및 기본계획수립 용역,수자원부,준공,비주관사,20230205,05010_C20230205,No folder
C20230206,수도권광역급행철도 B노선 민간투자사업 노반궤도분야 실시설계 건설사업관리용역,도시철도부,준공,비주관사,20230206,02010_C20230206,No folder
C20230208,동해항 남부두(1단계) 13번선석 개선사업 실시설계용역,항만부,준공,비주관사,20230208,07020_C20230208,No folder
C20230210,대치천 등 3개하천 하천기본계획 및 하천시설관리대장 작성 용역,수자원부,진행,비주관사,20230210,05010_C20230210,No folder
C20230216,광주송정~순천 철도건설 제4공구 건설공사 입찰설계 (구조),구조부,준공,비주관사,20230216,01030_C20230216,No folder
C20230217,부산대저 공공주택지구 조사설계용역,도시설계부,진행,비주관사,20230217,04020_C20230217,No folder
C20230218,고성군 성장관리계획구역 지정 및 관리계획 수립 용역,도시계획부,준공,비주관사,20230218,04010_C20230218,No folder
C20230219,아곡레스피아 증설사업 기본 및 실시설계용역,상하수도부,진행,비주관사,20230219,07010_C20230219,No folder
C20230220,오송 철도클러스터 국가산업단지 기본계획 수립 및 사업타당성조사 용역,도시계획부,진행,비주관사,20230220,04010_C20230220,No folder
C20230221,금음항·하서항 어촌신활력증진사업 기본 및 실시설계 용역,항만부,준공,비주관사,20230221,07020_C20230221,No folder
C20230222,평택~오송 2복선화 건설사업 사후환경영향조사용역,환경사업부,진행,비주관사,20230222,06010_C20230222,No folder
C20230223,용문 내지천 재해복구 개선사업 기본 및 실시설계 용역,수자원부,준공,비주관사,20230223,05010_C20230223,No folder
C20230224,판교지구 다목적농촌용수개발사업(2공구) 세부설계 용역,수자원부,진행,비주관사,20230224,05010_C20230224,No folder
C20230225,여수 화태~백야 도로건설공사 1공구 관리터널 확인 조사 및 변경설계 안정성검토 중 갱구비탈면 보강공법 설계용역,지반부,준공,비주관사,20230225,01040_C20230225,No folder
C20230226,하남초이동 공공지원민간임대주택 공급촉진지구 조사설계용역,도시계획부,진행,비주관사,20230226,04010_C20230226,No folder
C20230228,강릉 국가산업단지 기본계획수립 및 사업타당성조사 용역,도시계획부,진행,비주관사,20230228,04010_C20230228,No folder
C20230229,하천횡단 철도교량 중장기 개량계획 수립 용역,철도설계부,준공,비주관사,20230229,03010_C20230229,No folder
C20230234,남한강 에스파크CC 사후환경영향조사용역(공사시) 및 환경보전방안 (1분기),환경사업부,준공,비주관사,20230234,06010_C20230234,No folder
C20230235,옥정~포천 광역철도 건설사업 교통영향평가 용역,교통부,준공,비주관사,20230235,01050_C20230235,No folder
C20230236,지방공항 개발 로드맵 수립용역,공항및인프라사업부,준공,비주관사,20230236,01020_C20230236,No folder
C20230239,필리핀 PGN교량 건설사업 실시설계 및 입찰지원,구조부,진행,비주관사,20230239,01030_C20230239,No folder
C20230240,고속국도 제30호 서산~영덕선 대산~당진간 건설공사(제3공구) 대안제시형 낙찰제 설계용역,구조부,준공,비주관사,20230240,01030_C20230240,No folder
C20230241,"월곶~판교 복선전철 제4,5공구 노반신설 기타공사 감독권한대행 등 건설사업관리용역",철도건설관리부,진행,비주관사,20230241,03020_C20230241,No folder
C20230243,수도권제1순환선 서울고덕강일지구 방음시설 설치공사 정기안전점검,안전진단부,진행,비주관사,20230243,01060_C20230243,No folder
C20230244,월곶~판교 복선전철 제3공구 노반신설 기타공사 감독권한대행 등 건설사업관리용역,철도건설관리부,진행,비주관사,20230244,03020_C20230244,No folder
C20230245,국도42호선 복술1교 등 20개 교량 정밀안전점검 및 성능평가 용역,안전진단부,준공,비주관사,20230245,01060_C20230245,No folder
C20230246,2023년 경전선 순천~이양간 외 6개소 궤도 정밀진단 및 성능평가 용역,철도설계부,준공,비주관사,20230246,03010_C20230246,No folder
C20230247,경북선 김천~옥산간 외 1개소 궤도 정밀진단 및 성능평가 용역,철도설계부,준공,비주관사,20230247,03010_C20230247,No folder
C20230251,(24~25)시화지구 개발사업 사후환경영향조사 용역,환경사업부,진행,비주관사,20230251,06010_C20230251,No folder
C20230252,산살바도르 버스교통 현대화사업,교통부,진행,비주관사,20230252,01050_C20230252,No folder
C20240002,2024년도 경부고속선 광명~천안아산간 해창터널 외 5개소 시설물 1종 정밀안전진단 및 성능평가 용역,안전진단부,준공,비주관사,20240002,01060_C20240002,No folder
C20240005,수도권광역급행철도 B노선(용산~상봉) 제4공구 건설공사(T/K) 감독권한대행 등 건설사업관리용역,철도건설관리부,진행,비주관사,20240005,03020_C20240005,No folder
C20240006,신창1리항·조사리항 어촌신활력증진사업(유형3) 기본 및 실시설계용역,항만부,준공,비주관사,20240006,07020_C20240006,No folder
C20240007,파주시 우수유출저감대책 수립 용역,수자원부,진행,비주관사,20240007,05010_C20240007,No folder
C20240008,신탄진-매포간 맥포터널 긴급수해복구 설계용역,철도설계부,준공,비주관사,20240008,03010_C20240008,No folder
C20240009,"남한강 에스파크CC 사후환경영향조사용역(공사시,운영시) 및 환경보전방안",환경사업부,진행,비주관사,20240009,06010_C20240009,No folder
C20240013,왕피천권역 하천기본계획 수립 용역,수자원부,진행,비주관사,20240013,05010_C20240013,No folder
C20240021,아산연수원 內 환경영향평가 용역,환경사업부,준공,비주관사,20240021,06010_C20240021,No folder
C20240022,대구경북통합신공항(민항) 건설사업 사업계획 적정성 검토의 공항부문 기술적 검토 및 비용추정,공항및인프라사업부,진행,비주관사,20240022,01020_C20240022,No folder
C20240023,군도15호선(오용~적량) 확포장공사 소규모환경영향평가 용역,환경사업부,진행,비주관사,20240023,06010_C20240023,No folder
C20240024,군도15호선(오용~적량) 확포장공사 교통시설 안전진단 용역,교통부,진행,비주관사,20240024,01050_C20240024,No folder
C20240025,인덕원~동탄 복선전철 제2공구 노반건설공사 감독권한대행 등 건설사업관리용역,철도건설관리부,진행,비주관사,20240025,03020_C20240025,No folder
C20240026,서산공항 건설사업 타당성평가 및 기본계획 수립 용역,공항및인프라사업부,진행,비주관사,20240026,01020_C20240026,No folder
C20240027,서문시장역 대합실 증축 및 연결통로 기타공사 건설부문 실시설계 용역,도시철도부,준공,비주관사,20240027,02010_C20240027,No folder
C20240028,고양시 주차장 입체화방안 타당성 검토용역,교통부,진행,비주관사,20240028,01050_C20240028,No folder
C20240030,2030 창원도시관리계획(재정비) 전략환경영향평가 용역,환경사업부,진행,비주관사,20240030,06010_C20240030,No folder
C20240031,양산시 주차장 수급 및 안전관리 실태조사 용역,교통부,준공,비주관사,20240031,01050_C20240031,No folder
C20240033,천안제2일반산업단지 재생사업 사후환경영향조사용역(공사시),환경사업부,진행,비주관사,20240033,06010_C20240033,No folder
C20240034,오산항 정비사업 사후환경영향조사용역(운영시),환경사업부,진행,비주관사,20240034,06010_C20240034,No folder
C20240035,"500kV HVDC 동해안-신가평T/L 건설공사 사후환경영향조사용역(동부-2,3구간)",환경사업부,진행,비주관사,20240035,06010_C20240035,No folder
C20240037,서원주정거장 입체화 기본 및 실시설계 용역,철도설계부,진행,비주관사,20240037,03010_C20240037,No folder
C20240038,"명도초등학교 외 6교 제2,3종 옹벽 상반기 정기안전점검용역",안전진단부,준공,비주관사,20240038,01060_C20240038,No folder
C20240043,2024년 비탈면·옹벽 정밀안전점검 및 성능평가용역 12권역(고령),지반부,준공,비주관사,20240043,01040_C20240043,No folder
C20240044,(용역)군산시 국가산업단지 완충저류시설 민간투자사업 최초제안 설계용역(기계/전기),상하수도부,진행,비주관사,20240044,07010_C20240044,No folder
C20240047,경부선(아포~구미) 횡단 통로박스 개설사업 실시설계 용역,철도설계부,진행,비주관사,20240047,03010_C20240047,No folder
C20240049,가덕도신공항 건설사업 환경영향평가 대행 용역,환경사업부,진행,비주관사,20240049,06010_C20240049,No folder
C20240050,한려해상국립공원 해제에 따른 군관리계획(용도지역) 결정(변경) 용역,도시계획부,진행,비주관사,20240050,04010_C20240050,No folder
C20240053,국도20호선 덕산1교 등 10개소 정밀안전점검 기술용역,안전진단부,준공,비주관사,20240053,01060_C20240053,No folder
C20240054,국도2호선 완암교(상) 등 2개소 정밀안전진단 등 기술용역,안전진단부,준공,비주관사,20240054,01060_C20240054,No folder
C20240056,캄보디아 지속가능한 농촌 연결성(교량) 개선사업 설계감리,구조부,진행,비주관사,20240056,01030_C20240056,No folder
C20240057,용인 삼가지구 등 드론스퀘어 사용,플랫폼사업실,진행,비주관사,20240057,10010_C20240057,No folder
C20240058,우가항 어촌정주어항 지정 및 어항개발계획수립 일반해역이용협의용역,환경사업부,준공,비주관사,20240058,06010_C20240058,No folder
C20240059,서산 지곡면 연화리 태양광 발전시설 조성사업,도시계획부,진행,비주관사,20240059,04010_C20240059,No folder
C20240060,성남복정1 공공주택지구 환경보전방안 검토서 작성용역(2차),환경사업부,준공,비주관사,20240060,06010_C20240060,No folder
C20240061,2024년 구조물 정밀안전진단 및 성능평가 용역(충북 S5),안전진단부,준공,비주관사,20240061,01060_C20240061,No folder
C20240064,"국도24호선 밀양 산외 희곡지구 등 9개소 절토사면, 옹벽 정밀안전점검 및 성능평가용역",지반부,진행,비주관사,20240064,01040_C20240064,No folder
C20240065,태재육교 등 16개소 교량 정밀안전점검 용역,안전진단부,준공,비주관사,20240065,01060_C20240065,No folder
C20240066,용담댐 수상태양광 개발사업 소규모환경영향평가 용역,환경사업부,진행,비주관사,20240066,06010_C20240066,No folder
C20240067,통영항 당동방파제 건설공사 환경영향평가용역,환경사업부,진행,비주관사,20240067,06010_C20240067,No folder
C20240069,사천일반산업단지 재생사업 공용주차장 건립(3부지) 소규모 지하안전영향평가 용역,지반부,준공,비주관사,20240069,01040_C20240069,No folder
C20240070,밀양시 도로건설 관리계획 및 농어촌도로 기본 정비계획 수립용역,교통부,진행,비주관사,20240070,01050_C20240070,No folder
C20240071,남양주왕숙(진건) 공공주택지구 기본 및 실시설계용역,도시설계부,진행,비주관사,20240071,04020_C20240071,No folder
C20240076,광주산정 공공주택지구 조성사업 환경영향평가용역,환경사업부,진행,비주관사,20240076,06010_C20240076,No folder
C20240077,섬진강 도달지구 환경영향평가용역,환경사업부,진행,비주관사,20240077,06010_C20240077,No folder
C20240078,철산배수구역 하수도정비대책 수립 용역(타당성 검토),상하수도부,진행,비주관사,20240078,07010_C20240078,No folder
C20240079,부산광역시 우수유출저감대책 수립 용역,수자원부,진행,비주관사,20240079,05010_C20240079,No folder
C20240080,서산공항 건설사업 타당성평가 및 기본계획 수립용역 중 측량조사,플랫폼사업실,진행,비주관사,20240080,10010_C20240080,No folder
C20240081,"""옥정-포천 광역철도 3공구 건설공사"" 설계시공 일괄입찰 실시설계용역",도시철도부,진행,비주관사,20240081,02010_C20240081,No folder
C20240082,금강지구 영농편의 증진사업 김제1-1 경지재정리공사 세부설계 용역,수자원부,진행,비주관사,20240082,05010_C20240082,No folder
C20240083,남부화물선 개발제한구역 관리계획변경(경미한 변경) 용역,도시계획부,준공,비주관사,20240083,04010_C20240083,No folder
C20240084,이천 공공하수처리시설 증설사업 기본 및 실시설계용역,상하수도부,진행,비주관사,20240084,07010_C20240084,No folder
C20240085,영산강 용두.담양지구 하천환경정비사업 실시설계용역,수자원부,진행,비주관사,20240085,05010_C20240085,No folder
C20240086,신분당선 광교~호매실 복선전철 제3공구 건설공사(T/K) 감독 권한대행 등 건설사업관리용역,철도건설관리부,진행,비주관사,20240086,03020_C20240086,No folder
C20240087,자연재해위험개선지구(야은 외 2개소)지정 타당성조사 및 기본계획수립 용역,수자원부,진행,비주관사,20240087,05010_C20240087,No folder
C20240088,광주송정~순천 철도건설사업 환경영향평가,환경사업부,진행,비주관사,20240088,06010_C20240088,No folder
C20240089,관리천 등 12개 하천기본계획 재수립 용역,수자원부,진행,비주관사,20240089,05010_C20240089,No folder
C20240091,성남 고등동 공공지원민간임대주택 공급촉진지구 조사설계용역,도시계획부,진행,비주관사,20240091,04010_C20240091,No folder
C20240092,성남 고등동 공공지원민간임대주택 공급촉진지구 조사설계용역(재해),도시계획부,진행,비주관사,20240092,04010_C20240092,No folder
C20240093,성남 고등동 공공지원민간임대주택 공급촉진지구 조사설계용역(환경),환경사업부,진행,비주관사,20240093,06010_C20240093,No folder
C20240094,성남 고등동 공공지원민간임대주택 공급촉진지구 조사설계용역(교통),교통부,진행,비주관사,20240094,01050_C20240094,No folder
C20240096,지산지구 배수개선사업 세부설계 용역,수자원부,진행,비주관사,20240096,05010_C20240096,No folder
C20240097,2024 AAAA 지구지정 용역,도시계획부,진행,비주관사,20240097,04010_C20240097,No folder
C20240098,신성대봉지구 배수개선사업 세부설계 용역,수자원부,진행,비주관사,20240098,05010_C20240098,No folder
C20240099,500kV HVDC동해안-신가평T/L건설공사 사후환경영향조사용역(서부-4구간),환경사업부,진행,비주관사,20240099,06010_C20240099,No folder
C20240103,양산시 하수도정비기본계획(변경) 수립 용역,상하수도부,진행,비주관사,20240103,07010_C20240103,No folder
C20240104,봉원~상리 3차선 확장공사 교통안전진단용역,교통부,준공,비주관사,20240104,01050_C20240104,No folder
C20240105,대전광역시 도로건설.관리계획 수립용역,교통부,진행,비주관사,20240105,01050_C20240105,No folder
C20240106,드론기반 국가어항 안전점검 고도화 방안 연구용역,플랫폼사업실,준공,비주관사,20240106,10010_C20240106,No folder
C20240108,강릉지구 다목적농촌용수개발사업 세부설계 용역,수자원부,진행,비주관사,20240108,05010_C20240108,No folder
C20240109,도안대교(하) 정밀안전진단 및 내진성능평가용역,안전진단부,준공,비주관사,20240109,01060_C20240109,No folder
C20240111,중앙선 용문차량기지 외 17개소 재해예방공사 실시설계 용역,철도설계부,진행,비주관사,20240111,03010_C20240111,No folder
C20240114,사천시 환경오염시설 통합환경 변경허가 용역,환경사업부,진행,비주관사,20240114,06010_C20240114,No folder
C20240115,2024년 공용노선 교통시설안전진단 및 소통진단 엔지니어링,교통부,준공,비주관사,20240115,01050_C20240115,No folder
C20240116,분류식지역 오수간선관로 설치 타당성조사 및 기본계획,상하수도부,진행,비주관사,20240116,07010_C20240116,No folder
C20240117,대안지구 풍수해생활권 종합정비사업 타당성조사 및 기본계획수립 용역,수자원부,진행,비주관사,20240117,05010_C20240117,No folder
C20240121,원평천(두월천) 배수영향구간 정비사업 실시설계용역,수자원부,진행,비주관사,20240121,05010_C20240121,No folder
C20240124,중앙선(제천조차장) 및 태백선 수해복구 실시설계용역,철도설계부,준공,비주관사,20240124,03010_C20240124,No folder
C20240125,2024년 화성시 교통약자(어린이) 보호구역 실태조사 용역,교통부,진행,비주관사,20240125,01050_C20240125,No folder
C20240126,"부산광역시 동부, 수영하수처리구역 하수관로 기술진단 용역",상하수도부,진행,비주관사,20240126,07010_C20240126,No folder
C20240127,김포한강2 콤팩트시티 개발전략 수립 용역,도시계획부,진행,비주관사,20240127,04010_C20240127,No folder
C20240129,2030 도로건설 관리계획 수립 용역,교통부,진행,비주관사,20240129,01050_C20240129,No folder
C20240130,달천 하천정비사업(5개지구) 사후환경영향조사용역,환경사업부,진행,비주관사,20240130,06010_C20240130,No folder
C20240131,영산강하류 단위유역 유역하수도정비계획(변경) 수립 용역,상하수도부,진행,비주관사,20240131,07010_C20240131,No folder
C20240133,여수 화태~백야 도로건설공사 1공구 노선변경 설계 용역『토질분야설계』,지반부,준공,비주관사,20240133,01040_C20240133,No folder
C20240135,필리핀 마닐라 LRT 2호선 코게오 연장 타당성조사 용역,철도설계부,준공,비주관사,20240135,03010_C20240135,No folder
C20240136,양산시 수도정비기본계획 부분변경 용역,상하수도부,준공,비주관사,20240136,07010_C20240136,No folder
C20240137,제2자유로 개발제한구역내 개발행위허가 준공 용역,도시계획부,진행,비주관사,20240137,04010_C20240137,No folder
C20240138,"밀양강권역(동창천, 단장천) 하천기본계획수립 및 하천시설관리대장 작성용역",수자원부,진행,비주관사,20240138,05010_C20240138,No folder
C20240140,"""송산그린시티 서측지구 도시물순환 및 블루그린네트워크(1단계) 조성공사(제2공구)"" T/K 기본설계 용역",구조부,진행,비주관사,20240140,01030_C20240140,No folder
C20240141,의정부시 주차장 수급 및 안전관리 실태조사용역,교통부,진행,비주관사,20240141,01050_C20240141,No folder
C20240142,2035년 평창 군기본계획 일부 변경 및 2030년 군관리계획 수립 용역,도시계획부,진행,비주관사,20240142,04010_C20240142,No folder
C20240143,2024년 수도권서부본부 관내 승강장 및 주차장 개량공사 실시설계용역,철도설계부,준공,비주관사,20240143,03010_C20240143,No folder
C20240145,고속국도 제30호 서산~영덕선 대산~당진간 건설공사(제3공구) 대안제시형 낙찰제 반영설계용역,구조부,준공,비주관사,20240145,01030_C20240145,No folder
C20240146,화성진안 공공주택지구 기본계획 및 기본설계용역,도시계획부,진행,비주관사,20240146,04010_C20240146,No folder
C20240147,탄자니아 도도마주 유수율 제고 시범모델 구축 및 상수도 시설 개선사업 PMC 용역,상하수도부,진행,비주관사,20240147,07010_C20240147,No folder
C20240148,공공하수도(하수관로) 기술진단용역(용연하수처리구역),상하수도부,진행,비주관사,20240148,07010_C20240148,No folder
C20240149,2024년 노후 취약구조물 특별 정밀안전점검 용역(S1),안전진단부,진행,비주관사,20240149,01060_C20240149,No folder
C20240150,2024년 수도권서부본부 운영자산 궤도 정밀진단 및 성능평가용역,철도설계부,준공,비주관사,20240150,03010_C20240150,No folder
C20240154,경부선 내판~부강간 수해복구공사 실시설계용역,철도설계부,준공,비주관사,20240154,03010_C20240154,No folder
C20240155,서안양 친환경 융합 스마트밸리 조성사업 도시개발사업 조사설계 용역,도시계획부,진행,비주관사,20240155,04010_C20240155,No folder
C20240156,서안양 친환경 융합 스마트밸리 조성사업 환경영향평가 등 용역,환경사업부,진행,비주관사,20240156,06010_C20240156,No folder
C20240157,서안양 친환경 융합 스마트밸리 조성사업 재해영향평가 등 용역,도시계획부,진행,비주관사,20240157,04010_C20240157,No folder
C20240158,진주시 자원순환센터 조성사업 기본계획 수립용역,환경사업부,진행,비주관사,20240158,06010_C20240158,No folder
C20240160,몽골 울란바토르 대용량 대중교통 메트로사업 PMC,구조부,진행,비주관사,20240160,01030_C20240160,No folder
C20240161,남원시 물 재이용 관리계획 수립용역,상하수도부,진행,비주관사,20240161,07010_C20240161,No folder
C20240165,서구 가정·석남동 일원 지구단위계획 수립 용역,도시계획부,진행,비주관사,20240165,04010_C20240165,No folder
C20240166,포항영일만항 남방파제(2단계) 축조공사 T/K 기본설계 용역,항만부,진행,비주관사,20240166,07020_C20240166,No folder
C20240167,"송도국제도시 6,8공구 조성사업 사후환경영향조사용역",환경사업부,진행,비주관사,20240167,06010_C20240167,No folder
C20240168,아시아 및 아프리카 유망국 도시개발사업 시장 여건 및 진출 전략 연구,도시계획부,진행,비주관사,20240168,04010_C20240168,No folder
C20240170,반월천 지방하천 정비사업 실시설계용역,수자원부,진행,비주관사,20240170,05010_C20240170,No folder
C20240171,광주송정~순천 철도건설 제4공구 건설공사 실시설계(구조),구조부,진행,비주관사,20240171,01030_C20240171,No folder
C20240172,강남역 일대 대심도 빗물배수터널 건설공사(T/K) 기본설계 설계용역,도시철도부,준공,비주관사,20240172,02010_C20240172,No folder
C20240173,포항 기업혁신파크 통합개발계획 및 재해영향평가 수립 용역,도시계획부,진행,비주관사,20240173,04010_C20240173,No folder
C20240174,포항 기업혁신파크 통합개발계획 환경영향평가,환경사업부,진행,비주관사,20240174,06010_C20240174,No folder
C20240175,포항 기업혁신파크 통합개발계획 교통영향평가,교통부,진행,비주관사,20240175,01050_C20240175,No folder
C20240176,갈거 자연재해위험개선지구 정비사업 실시설계용역,수자원부,진행,비주관사,20240176,05010_C20240176,No folder
C20240177,아산 둔포 센트럴파크 도시개발사업 전략 및 환경영향평가 용역,환경사업부,진행,비주관사,20240177,06010_C20240177,No folder
C20240178,"월곶~판교 복선전철 건설사업(제2~5, 7, 9~10공구) 사후환경영향조사용역",환경사업부,진행,비주관사,20240178,06010_C20240178,No folder
C20240179,서울도시철도7호선 청라국제도시연장 추가정거장(005-1) 건설공사 기술제안 입찰용역,구조부,준공,비주관사,20240179,01030_C20240179,No folder
C20240180,강릉~제진 단선전철 제5공구 노반신설 기타공사 감독권한대행 등 건설사업관리용역,철도건설관리부,진행,비주관사,20240180,03020_C20240180,No folder
C20240181,쿠웨이트 압둘라 신도시 스마트시티 설계수준 진단 및 개선 방안 수립,도시계획부,진행,비주관사,20240181,04010_C20240181,No folder
C20240182,경기남부청 사건기록관 신축사업 도시계획시설(변경)결정 용역,도시계획부,진행,비주관사,20240182,04010_C20240182,No folder
C20240183,노후불량 하수관로 종합실태조사 및 기본계획 용역(강남권역),상하수도부,진행,비주관사,20240183,07010_C20240183,No folder
C20240184,공동주택(24년 울산경남권역)교통영향평가용역,교통부,진행,비주관사,20240184,01050_C20240184,No folder
C20240186,서촌1교 외 3개소 내진성능평가 용역,안전진단부,준공,비주관사,20240186,01060_C20240186,No folder
C20240188,현대제철 당진공장 적색 오탁수 정화처리설비 1단계 설계 용역,상하수도부,진행,비주관사,20240188,07010_C20240188,No folder
C20240190,신안교 일원 우수저류시설 설치사업 기본 및 실시설계용역,수자원부,진행,비주관사,20240190,05010_C20240190,No folder
C20240194,국가어항 기반시설 재해대응관리 기술개발 기획연구 용역,플랫폼사업실,준공,비주관사,20240194,10010_C20240194,No folder
C20240199,울진OO 국가산업단지 개발사업 조사설계용역,도시설계부,진행,비주관사,20240199,04020_C20240199,No folder
C20240202,새만금 지역간 연결도로 건설공사(2공구) 설계시공일괄입찰 입찰설계 및 직접경비 용역_수성,지반부,진행,비주관사,20240202,01040_C20240202,No folder
C20240203,"교동배수지 증설 및 산외,아북배수지 신설공사 기본 및 실시설계용역",상하수도부,진행,비주관사,20240203,07010_C20240203,No folder
C20240204,원동지구 지방상수도 매설공사(2공구) 수정설계 용역,상하수도부,진행,비주관사,20240204,07010_C20240204,No folder
C20240205,2024 FF·GG 지구지정 용역,도시계획부,진행,비주관사,20240205,04010_C20240205,No folder
C20240207,캄보디아-한국 우정의 교량 실시설계 및 입찰지원 감리,구조부,진행,비주관사,20240207,01030_C20240207,No folder
C20240208,낙민 자연재해위험개선지구 정비사업 소규모 재해영향평가용역,수자원부,진행,비주관사,20240208,05010_C20240208,No folder
C20240209,추팔 1~2리간 도로개설공사 도시관리계획시설(변경) 관련 동영상 촬영,플랫폼사업실,준공,비주관사,20240209,10010_C20240209,No folder
C20240211,가덕도신공항 건설사업 재해영향평가 용역,수자원부,진행,비주관사,20240211,05010_C20240211,No folder
C20240212,삼동배수분구 외 1개소 도시침수예방사업 기본 및 실시설계용역,상하수도부,진행,비주관사,20240212,07010_C20240212,No folder
C20240213,"태풍 마이삭, 하이선 재해복구사업 분석 평가 용역",수자원부,진행,비주관사,20240213,05010_C20240213,No folder
C20240215,지리산 남원 에코촌 조성사업 도시관리계획 결정 및 기본·실시설계용역,도시계획부,진행,비주관사,20240215,04010_C20240215,No folder
C20240217,계양~강화 고속도로 건설공사 (제7공구) 기본설계 용역,구조부,진행,비주관사,20240217,01030_C20240217,No folder
C20240218,의령군 후속 노후 상수관망 정비사업 기본 및 실시설계 용역,상하수도부,진행,비주관사,20240218,07010_C20240218,No folder
C20240219,인천공항 제1여객계류장 및 A유도로 개선사업 설계용역,공항및인프라사업부,진행,비주관사,20240219,01020_C20240219,No folder
C20240220,임동면(대곡리) 대곡천 재해복구사업 실시설계용역,수자원부,진행,비주관사,20240220,05010_C20240220,No folder
C20240222,군포시 도시교통정비 중기계획 수립 및 지속가능 교통물류발전계획 용역,교통부,진행,비주관사,20240222,01050_C20240222,No folder
C20240224,2024년 김해시 침수흔적도 작성 용역,수자원부,진행,비주관사,20240224,05010_C20240224,No folder
C20240226,신분당선 구운역(가칭) 신설사업 노반·건축·기계설비·소방·통신 실시설계,철도설계부,진행,비주관사,20240226,03010_C20240226,No folder
C20240227,금호강 경산지구 하천환경정비사업  실시설계 용역,수자원부,진행,비주관사,20240227,05010_C20240227,No folder
C20240228,국도2호선 가포1교 등 3개소 정밀안전진단 등 기술용역,안전진단부,진행,비주관사,20240228,01060_C20240228,No folder
C20240229,드론데이터 처리 및 드론스퀘어 사용,플랫폼사업실,진행,비주관사,20240229,10010_C20240229,No folder
C20240232,고성읍 노후 상수관로 개선사업 기본 및 실시설계 용역,상하수도부,진행,비주관사,20240232,07010_C20240232,No folder
C20240234,신현통합배수지 블록분할 변경 실시설계 용역,상하수도부,진행,비주관사,20240234,07010_C20240234,No folder
C20240235,서울남현 공공주택지구 조사설계용역,도시계획부,진행,비주관사,20240235,04010_C20240235,No folder
C20240238,신현동 287-58번지 일원 재개발사업 정비계획 수립 및 정비구역 지정 용역,도시계획부,진행,비주관사,20240238,04010_C20240238,No folder
C20240240,전주천 국가하천 승격구간 제방안전성 평가 및 정보지도 작성용역,수자원부,진행,비주관사,20240240,05010_C20240240,No folder
C20240245,광양 국가산업단지 노후산단 재생사업 재생시행계획 및 실시설계 용역,도시계획부,진행,비주관사,20240245,04010_C20240245,No folder
C20240246,충북선 고속화 제3공구 노반 건설공사(T/K) 기본설계용역 [설계비],철도설계부,진행,비주관사,20240246,03010_C20240246,No folder
C20250001,농로포장 및 배수로정비사업 실시설계용역,안전진단부,준공,비주관사,20250001,01060_C20250001,No folder
C20250004,"영해배수분구(남천) 도시침수 예방사업 기본 및 실시설계, 남정배수구역(양성배수분구) 하수도정비대책 수립용역",상하수도부,진행,비주관사,20250004,07010_C20250004,No folder
C20250005,군포시 노후 하수관로 정비사업(3단계) 기본 및 실시설계 용역,상하수도부,진행,비주관사,20250005,07010_C20250005,No folder
C20250006,경부고속선 천안아산~오송 등 12개소 방음벽 개량공사 감독권한대행 등 건설사업관리용역,철도건설관리부,진행,비주관사,20250006,03020_C20250006,No folder
C20250007,서두몰골천 정비사업 실시설계용역,수자원부,진행,비주관사,20250007,05010_C20250007,No folder
C20250008,현산천․와탄천 하천기본계획 및 하천재해예방사업 실시설계 용역,수자원부,진행,비주관사,20250008,05010_C20250008,No folder
C20250010,상동 묵방마을 오수관로 정비공사 기본 및 실시설계 용역,상하수도부,진행,비주관사,20250010,07010_C20250010,No folder
C20250013,구남지하차도 일원 배수체계개선 하수도정비대책 기본계획 수립용역,상하수도부,진행,비주관사,20250013,07010_C20250013,No folder
C20250015,경부고속선 광명~천안아산 등 5개소 방음벽 개량공사 실시설계 용역,철도설계부,진행,비주관사,20250015,03010_C20250015,No folder
C20250016,가평군 법정도로 관리계획 수립(`26~`30) 용역,교통부,진행,비주관사,20250016,01050_C20250016,No folder
C20250017,강남역 일대 대심도 빗물배수터널 건설공사 실시설계용역(토목구조/가시설및기초),도시철도부,진행,비주관사,20250017,02010_C20250017,No folder
