Depart_ProjectID,ProjectID,Depart,Status,ProjectName,Contractor,search_folder
C20070089,C20070089,도로부,준공,인천가정 경명로 연결도로외 3개도로 기본 및 실시설계용역,비주관사,Z:\01010_도로\0003 준공사업\2007089_인천가정 경명로 연결도로외 3개도로 기본 및 실시설계용역(LH)
C20140103,C20140103,환경사업부,준공,고막원천 다시2지구 등 3개사업 사후환경영향조사용역,비주관사,Z:\06010_환경\2팀\02.사후환경영향조사\2014103┃고막원천 다시2지구 등 3개사업
C20140193,C20140193,철도건설관리부,진행,"동해선 포항~삼척 철도건설 제6,7공구 노반건설공사 감독 권한대행 등 건설사업관리용역",비주관사,No folder
C20150153,C20150153,환경사업부,준공,삽교천 삽교지구 하천환경정비사업 사후환경영향조사용역,주관사,Z:\06010_환경\1팀\02.사후환경영향조사\@완료\2015153┃삽교천 삽교지구 하천환경정비사업
C20160001,C20160001,건설사업관리부,준공,중군~진상간 국가지원지방도 확포장공사 건설사업관리 용역,주관사,Z:\04020_도시설계\2005132 부산.진해경제자유구역 명지지구 개발사업 조사설계용역\4. 과업준공\4.02 기술지원팀 설계성과\((2016.01_명지양수장 납품도서))
C20160031,C20160031,환경사업부,진행,중앙선 도담~영천 복선전철(안동~영천구간) 사후환경영향조사 용역,주관사,Z:\06010_환경\1팀\02.사후환경영향조사\20160031┃중앙선 도담~영천 복선전철(안동~영천구간) 사후환경영향조사 용역(추가분)
C20160112,C20160112,철도건설관리부,진행,"삼성~동탄 광역급행철도 건설공사 제4,5공구 노반공사 감독 권한대행 등 통합 건설사업관리용역",주관사,No folder
C20160163,C20160163,건설사업관리부,준공,고속국도 제32호선 아산~천안간 및 인주~염치간 시공단계의 건설사업관리용역,비주관사,Z:\99999_준공\18. 건설사업관리부\2016163_고속국도 제32호선 아산~천안간 및 고속국도 제1호선 동이~옥천간 시공단계의 건설사업관리용역
C20170007,C20170007,건설사업관리부,준공,단산~부석사간도로 건설공사 건설사업관리용역,주관사,No folder
C20170064,C20170064,환경사업부,진행,파주~양주.포천 고속도로 건설사업 사후환경영향조사 용역,비주관사,"Z:\06010_환경\2팀\02.사후환경영향조사\2017064┃파주-양주, 포천 고속도로 건설사업"
C20170124,C20170124,철도건설관리부,준공,별내선(8호선연장) 건설공사 감독권한대행 등 건설사업관리용역(2공구),비주관사,No folder
C20170185,C20170185,도시계획부,준공,속초00지구 토지이용구상 및 사업타당성조사 용역 인력지원,주관사,Z:\04010_도시계획\3팀\2017-185. 속초00지구 토지이용이상 및 사업타당성조사
C20170189,C20170189,환경사업부,진행,포승~평택 철도건설(안중~오성) 사후환경영향조사용역,주관사,Z:\06010_환경\2팀\02.사후환경영향조사\2017189┃포승~평택 철도건설(안중~오성)
C20180019,C20180019,도로부,진행,고레-마샤-테피 도로 디자인 빌드 프로젝트 개념설계 검토 및 시공감리용역,주관사,Z:\01010_도로\0004 해외사업\C2018019 Ethiopia 고레-마샤-테피 도로 디자인 빌드 프로젝트 개념설계 및 감리
C20180031,C20180031,철도건설관리부,준공,도시철도 양산선(노포~북정) 4공구 건설공사 감독권한대행 등 건설사업관리용역,주관사,No folder
C20180053,C20180053,구조부,진행,아르메니아-조지아 국경Bagratashen교량 건설 시공감리용역,주관사,Z:\01030_구조\2018053 아르메니아-조지아 New Bagratashen Bridge 시공감리용역
C20180067,C20180067,도시계획부,준공,고양 59개 GB해제취락 도시관리계획 재정비용역,비주관사,Z:\04010_도시계획\3팀\## 준공 (조사설계 제외)\2018-067. 고양 59개 GB해제취락 도시관리계획 재정비용역
C20180071,C20180071,수자원부,준공,한강(섬강~국가기점) 하천기본계획 수립 및 하천시설 관리대장 작성 용역,비주관사,Z:\05010_수자원\2018071 한강(섬강~국가기점) 하천기본계획 수립 및 하천시설 관리대장
C20180074,C20180074,수자원부,준공,남강 하천기본계획 및 하천시설관리대장작성 용역,비주관사,Z:\05010_수자원\20180074 남강 하천기본계획 및 하천시설관리대장작성 용역
C20180077,C20180077,건설사업관리부,준공,국도42호선 정선-북면간 2차로 시설개량공사 건설사업관리용역,비주관사,No folder
C20180091,C20180091,건설사업관리부,진행,시산항 보강공사 건설사업관리용역,비주관사,No folder
C20180134,C20180134,환경사업부,준공,남강+남강댐권역 하천기본계획수립 전략환경영향평가 용역,비주관사,Z:\06010_환경\2팀\03.전략환경영향평가\2018134┃남강+남강댐권역 하천기본계획수립
C20190011,C20190011,도로부,진행,Project Implementation Consultants for SASEC Road Connectivity Project-II(방글라데시),비주관사,Z:\01010_도로\0004 해외사업\C20190011 Bangladash SASEC
C20190017,C20190017,건설사업관리부,준공,행복도시~조치원 도로확장공사 건설사업관리용역,주관사,No folder
C20190078,C20190078,조경레저부,준공,양산사송 공공주택지구 조성사업 조경(공원.녹지 등) 기본 및 실시설계용역,비주관사,"Z:\04030_조경\1팀\2019078_ 양산사송 공공주택지구 조성사업 조경(공원,녹지 등) 기본 및 실시설계 용역"
C20190088,C20190088,상하수도부,준공,백석천 비점오염 저감사업 기본 및 실시설계 용역,주관사,Z:\07010_상하수도\Y2019088 백석천 비점오염저감사업 기본 및 실시설계
C20190101,C20190101,건설사업관리부,준공,화산~경천 및 소양~고산간 지방도 확포장공사 감독 권한대행 등 통합 건설사업관리용역,주관사,No folder
C20190120,C20190120,도시계획부,준공,합천군 관리계획(재정비) 수립 용역,비주관사,Z:\04010_도시계획\창원팀\2019-120. 합천군 관리계획(재정비) 수립용역
C20190123,C20190123,수자원부,준공,보청천권역 하천기본계획 및 하천시설관리대장작성용역,비주관사,Z:\05010_수자원\2019123 보청천권역 하천기본계획 및 하천시설관리대장작성
C20190132,C20190132,도시계획부,진행,원주 반곡동 민간임대주택사업 기본계획 및 지구단위계획 수립 용역,주관사,Z:\04010_도시계획\1팀\2019-132. 원주 반곡동 민간임대주택사업 기본계획 및 지구단위계획 수립 용역
C20190159,C20190159,건설사업관리부,준공,장평천 봉양2지구 지방하천정비사업 건설사업관리용역,주관사,No folder
C20190160,C20190160,도시계획부,준공,횡성 앞들2지구 도시개발사업 수립용역(환지방식),주관사,Z:\04010_도시계획\1팀\2019-160. 횡성 앞들2지구 도시개발사업 수립용역(환지방식)
C20190189,C20190189,철도설계부,진행,필리핀 LRT-2 서측연장사업 컨설팅용역,주관사,Z:\03010_철도\2019189 필리핀 LRT-2 서측연장사업 컨설팅용역
C20190217,C20190217,구조부,준공,금호워터폴리스 산업단지 진입도로 건설 기본 및 실시설계용역,비주관사,Z:\01030_구조\2019217_금호워터폴리스 산업단지 진입도로 건설 기본 및 실시설계
C20190222,C20190222,건설사업관리부,준공,4단계 계류장지역 시설공사 건설사업관리용역,비주관사,No folder
C20200030,C20200030,건설사업관리부,준공,신천 하천환경정비사업 등 2개사업 통합건설사업관리용역,주관사,No folder
C20200058,C20200058,도로부,준공,국제교류복합지구 도로개선 기본 및 실시설계 용역(3공구),비주관사,"Z:\99999_준공\01. 도로, 공항부\2020058 국제교류복합지구 도로개선 기본 및 실시설계(서울시 32억)"
C20200097,C20200097,도시계획부,준공,서울00위탁개발사업 지정 제안 및 사전재해영향성 검토 용역,주관사,Z:\04010_도시계획\1팀\2020-097. 서울00위탁개발사업 지정제안 및 사전재해영향성 검토용역
C20200114,C20200114,수자원부,준공,서울특별시 자연재해저감 종합계획 수립 용역(강북지역),비주관사,Z:\05010_수자원\2020114 서울특별시 자연재해저감 종합계획 수립 용역(강북지역)
C20200115,C20200115,환경사업부,준공,군산항 장항항 사후환경영향조사용역,주관사,Z:\06010_환경\1팀\02.사후환경영향조사\20200115┃군산항 장항항 사후환경영향조사용역
C20200131,C20200131,도로부,진행,미얀마 GMS Highway Modernization Project 설계 및 감리용역,비주관사,Z:\01010_도로\0004 해외사업\C2020131 미얀마 GMS Highway Modernization Project 설계 및 감리용역
C20200133,C20200133,건설사업관리부,준공,세종대로 도로공간 재편사업 외 2개소 통합 감독권한대행 등 건설사업관리용역,주관사,No folder
C20200137,C20200137,건설사업관리부,진행,저동항 다기능어항(복합형) 건설공사 건설사업관리용역,비주관사,No folder
C20200158,C20200158,건설사업관리부,준공,"지방하천(대학천, 제민천) 정비사업 통합건설사업관리용역",주관사,No folder
C20200173,C20200173,건설사업관리부,준공,서성로(가시~성읍) 개설공사 건설사업관리용역,주관사,No folder
C20200176,C20200176,항만부,준공,"2020년 거제시 어촌뉴딜사업(산전항, 예구항, 저구항) 기본 및 실시설계용역",주관사,"Z:\07010_항만\2020176 (지분외주) 2020년 거제시 어촌뉴딜사업(산전항, 예구항, 저구항) 기본 및 실시설계용역"
C20200184,C20200184,도로부,진행,네팔 SASEC Highway Improvement Projcet,주관사,Z:\01010_도로\0004 해외사업\C2020184 네팔 SASEC Highway Improvement Project
C20200197,C20200197,도시계획부,준공,2040년 세종도시기본계획 수립 용역,주관사,Z:\01050_교통\2020197  2040년 세종도시기본계획 수립용역
C20200218,C20200218,상하수도부,준공,거제시 지방상수도 현대화사업 기본 및 실시설계 용역,주관사,Z:\07010_상하수도\[준공] Y2020218 거제시 지방상수도 현대화사업 기본 및 실시설계
C20200222,C20200222,건설사업관리부,준공,영천댐 안전성강화사업 건설공사 건설사업관리용역,비주관사,No folder
C20200279,C20200279,도시계획부,준공,남해 해안경관지구 프로젝트 기본구상 용역,주관사,Z:\04010_도시계획\창원팀\2020-279. 남해 해안경관지구 프로젝트 기본구상 용역
C20210006,C20210006,건설사업관리부,준공,섬진강 두곡지구 재해복구사업 건설사업관리용역,비주관사,Z:\04010_도시계획\해외사업\해외사업 월간회의\2021.06(06.28)
C20210013,C20210013,철도건설관리부,진행,인덕원~동탄 복선전철 제1공구 및 월곶~판교 복선전철 제8공구 건설공사 감독 권한대행 등 건설사업관리용역,비주관사,No folder
C20210041,C20210041,교통부,준공,대전연축 도시개발사업 교통영향평가용역,주관사,"Z:\01050_교통\0000005  준공 프로젝트   ▶ 준공된 과업(AS포함)은 폴더전체를 이동시켜 주세요\02 교평 및 광역(준공폴더, 삭제금지, 주의요망)\2021041  대전연축 도시개발사업 교통영향평가"
C20210083,C20210083,수자원부,준공,주안지구 우수저류시설 설치사업 실시설계용역,비주관사,Z:\05010_수자원\2021083 주안지구 우수저류시설 설치사업 실시설계용역
C20210090,C20210090,환경사업부,준공,충북20공공지원1 전략환경영향평가 용역,주관사,Z:\06010_환경\1팀\03.전략환경영향평가\@완료\2021090ㅣ충북20공공지원1 전략(LH 충북지역본부)
C20210101,C20210101,수자원부,준공,이천 친환경조성사업 외 1건 기본 및 실시설계 용역,비주관사,Z:\05010_수자원\2021101 이천 친환경조성사업외 1건 기본 및 실시설계용역
C20210112,C20210112,환경사업부,준공,황강 용주지구 하천환경정비사업 환경영향평가용역,주관사,Z:\06010_환경\2팀\01.환경영향평가\2021112┃황강 용주지구 하천환경정비사업 환경영향평가
C20210119,C20210119,항만부,준공,부산남항 서방파제 재해취약지구 정비사업 기본 및 실시설계 용역,주관사,Z:\07010_항만\2021119 (용역주관) 부산남항 서방파제 재해취약지구 정비사업 기본 및 실시설계용역
C20210129,C20210129,상하수도부,준공,회야하수처리시설 증설사업 실시설계용역,비주관사,Z:\07010_상하수도\[준공] Y2021129 회야하수처리시설 증설사업 실시설계용역
C20210135,C20210135,환경사업부,진행,아산국가산업단지(우정지구)유보지 조성사업 환경영향평가 용역,주관사,Z:\06010_환경\1팀\01.환경영향평가\20210135ㅣ아산국가산업단지(우정지구)유보지 개발사업
C20210143,C20210143,건설사업관리부,준공,금강 하천시설유지보수 통합건설사업관리용역(2021년~2024년),주관사,No folder
C20210164,C20210164,건설사업관리부,준공,연동~노형2(이호처리분구) 노후하수관로 정비공사 건설사업관리용역,주관사,No folder
C20210165,C20210165,상하수도부,준공,성산 농어촌마을 하수도 설치사업 실시설계 용역,주관사,Z:\07010_상하수도\[준공] Y20210165 성산 농어촌마을 하수도 설치사업 실시설계 용역
C20210166,C20210166,도시계획부,준공,태백 철암 고터실 산업단지 조성사업 개발계획수립 및 기본.실시설계 용역,비주관사,"Z:\04010_도시계획\3팀\2021-166. 태백 철암 고터실 산업단지 조성사업 개발계획수립 및 기본,실시설계 용역"
C20210187,C20210187,건설사업관리부,준공,구미 거의1지구 도시개발사업 건설사업관리용역,주관사,No folder
C20210190,C20210190,건설사업관리부,진행,미호천 여천지구 등 3개소 하천정비사업 건설사업관리(시공단계)용역,주관사,No folder
C20210196,C20210196,철도건설관리부,진행,대전차량기술단 인입철도 이설공사 감독 권한대행 등 건설사업관리용역,비주관사,No folder
C20210199,C20210199,환경사업부,준공,황룡강 송정지구 소규모환경영향평가용역,주관사,No folder
C20210204,C20210204,환경사업부,준공,섬진강댐 및 섬진강댐 하류권역 하천기본계획 전략환경영향평가용역,비주관사,Z:\06010_환경\2팀\03.전략환경영향평가\2021204ㅣ섬진강댐 및 섬진강댐하류권역 전략환경영향평가
C20210210,C20210210,도로부,진행,용인 포곡스마트 물류단지 진입도로 설계 및 건설단계 건설사업관리용역,주관사,Z:\01010_도로\0003 준공사업\20210210_용인 포곡 스마트 물류단지 진입도로 설계 및 건설단계 건설사업관리용역
C20210214,C20210214,철도설계부,준공,춘천~속초 철도건설 제3공구 노반 실시설계용역,비주관사,Z:\03010_철도\20210214 춘천~속초 철도건설 제3공구 노반 실시설계용역
C20210218,C20210218,환경사업부,준공,축산자원개발부 이전사업 전략환경영향평가 용역,주관사,No folder
C20210219,C20210219,도시계획부,진행,인천 항동 물류창고 개발사업 용역,주관사,Z:\04010_도시계획\2팀\2021-219. 인천 항동 물류창고 개발사업 용역
C20210227,C20210227,철도건설관리부,준공,태백선 초리천2교 등 3개소 교량확장 기타공사 감독 권한대행 등 건설사업관리용역,주관사,No folder
C20210235,C20210235,도로부,준공,신림~봉천 터널 도로건설공사(1공구) 환기소 이전 설계비 인력지원,주관사,Z:\01010_도로\20210235_신림-봉천터널 도로건설공사(1공구) 환기소 이전 설계비 인력지원
C20210242,C20210242,수자원부,준공,가사 자연재해위험개선지구 정비사업 실시설계용역,주관사,Z:\05010_수자원\20210242 가사 자연재해위험개선지구 정비사업 실시설계 용역
C20210250,C20210250,수자원부,준공,윗배우니천(소하천) 정비사업 실시설계 용역,주관사,Z:\05010_수자원\20210250 윗배우니천(소하천) 정비사업 실시설계 용역
C20210251,C20210251,도로부,준공,국도37호선 양평옥천-가평설악 도로건설공사 기본 및 실시설계용역,비주관사,Z:\01010_도로\20210251 국도37호선 양평 옥천~가평 설악 도로건설공사 기본 및 실시설계용역
C20220001,C20220001,도시계획부,진행,세종 눌왕지구 도시개발사업 조사설계용역,주관사,Z:\01010_도로\0004 해외사업\20220001 네팔 마헨드라 기존도로 구조물 예타
C20220002,C20220002,교통부,진행,세종 눌왕지구 도시개발사업 조사설계용역(교통),주관사,Z:\01010_도로\0004 해외사업\202202 인도네시아 바탐-빈탄 교량
C20220003,C20220003,도시계획부,진행,세종 눌왕지구 도시개발사업 조사설계용역(재해),주관사,Z:\04010_도시계획\해외사업\해외사업 월간회의\2022.03(04.25)
C20220004,C20220004,환경사업부,진행,세종 눌왕지구 도시개발사업 조사설계용역(환경),주관사,Z:\06010_환경\1팀\01.환경영향평가\20220004ㅣ세종 눌왕지구 도시개발사업 조사설계용역(환경)
C20220005,C20220005,철도설계부,준공,별내선 연장사업 예비타당성조사의 기술적 검토 및 비용추정,주관사,Z:\03010_철도\20220005 별내선 연장사업 예비타당성조사의 기술적 검토 및 비용추정
C20220020,C20220020,도로부,진행,남원 주천~고기 국가지원지방도 시설개량공사 기본 및 실시설계용역,비주관사,Z:\01010_도로\20220020_남원 주천-고기 국가지원지방도 시설개량공사 기본 및 실시설계용역(익산청)
C20220031,C20220031,지반부,진행,신촌2 에피소드 개발사업 사후 지하안전영향조사,주관사,Z:\01040_지반\준공 및 진행(과거~2024)\002.진행 프로젝트\C20220031_신촌2 에피소드 개발사업 사후 지하안전영향조사
C20220034,C20220034,항만부,진행,강릉 하시동지구 연안정비사업 기본 및 실시설계용역,비주관사,Z:\07010_항만\20220034 (지분외주) 강릉 하시동지구 연안정비사업 기본 및 실시설계용역
C20220035,C20220035,상하수도부,준공,하수도정비 중점관리지역(동천배수구역) 정비사업 기본 및 실시설계용역,주관사,Z:\07010_상하수도\Y20220035 하수도정비 중점관리지역(동천배수구역) 정비사업 기본 및 실시설계 용역
C20220041,C20220041,철도설계부,진행,호남선 원평천교 등 72개소 내진성능평가 및 실시설계 용역,비주관사,No folder
C20220053,C20220053,교통부,준공,포천시 도로건설관리계획 및 농어촌도로 기본(정비)계획 수립 용역,비주관사,Z:\01050_교통\20220053 포천시 도로건설관리계획 및 농어촌도로 기본(정비)계획
C20220056,C20220056,수자원부,준공,다산 자연재해위험개선지구 정비사업 실시설계 용역,주관사,Z:\05010_수자원\20220056 다산 자연재해위험개선지구 정비사업 실시설계 용역
C20220070,C20220070,철도건설관리부,준공,삼성동탄 광역급행철도 제5공구 노반신설 기타공사 중 철도보호지구내 안전점검원 배치용역,주관사,No folder
C20220073,C20220073,수자원부,준공,계실지구 다목적농촌용수개발사업 세부설계 외주용역,주관사,Z:\05010_수자원\20220073 계실지구 다목적농촌용수개발사업 세부설계 외주용역
C20220074,C20220074,도시계획부,준공,평택시 성장관리계획 수립 용역,비주관사,Z:\04010_도시계획\2팀\2022-074. 평택시 성장관리계획 수립 용역
C20220079,C20220079,구조부,준공,타지키스탄 CARs-4/QCBS-01 도로 업그레이드 건설 기본 및 실시설계,비주관사,Z:\01030_구조\20220079 타지키스탄 CARs-4QCBS-01 도로 업그레이드 건설 기본 및 실시설계
C20220080,C20220080,건설사업관리부,준공,명포 재해위험개선지구 정비사업 외 1개소 통합건설사업관리용역,주관사,No folder
C20220085,C20220085,건설사업관리부,준공,2022~2023년 부산경남본부 유지관리 건설사업관리용역(2권역),비주관사,Z:\99999_준공\18. 건설사업관리부\2022085_2022~2023년 부산경남본부 유지관리 건설사업관리용역(2권역)
C20220087,C20220087,건설사업관리부,준공,치악산 바람길숲 조성사업 감독권한대행 등 건설사업관리 용역,비주관사,No folder
C20220090,C20220090,수자원부,준공,예산군 소규모공공시설 안전점검 및 정비계획 수립용역,주관사,Z:\05010_수자원\20220090 예산군 소규모공공시설 안전점검 및 정비계획 수립용역
C20220092,C20220092,건설사업관리부,준공,영주시 주변 하수관로 정비사업 외 1건 통합 건설사업관리용역,주관사,Z:\03010_철도\B20220092 강동하남남양주선 광역철도 타당성평가 및 기본계획 수립용역
C20220094,C20220094,상하수도부,준공,상계1-3 소구역 하수관로 정비사업 기본 및 실시설계용역,비주관사,Z:\07010_상하수도\Y20220094 상계1-3 소구역 하수관로 정비사업 기본 및 실시설계 용역
C20220100,C20220100,철도건설관리부,진행,충북선 오송~청주간 석화건널목 입체화공사 감독권한대행 등 건설사업관리용역,주관사,Z:\06010_환경\1팀\01.환경영향평가\@완료\20220100 I 성남복정1 환경보전방안
C20220110,C20220110,철도설계부,진행,남부내륙철도 제3공구 노반 기본 및 실시설계 용역,주관사,Z:\03010_철도\AA20220110 남부내륙철도 제3공구 노반 기본 및 실시설계 용역
C20220111,C20220111,철도설계부,진행,남부내륙철도 제8공구 노반 기본 및 실시설계 용역,비주관사,Z:\03010_철도\B20220111 남부내륙철도 제8공구 노반 기본 및 실시설계 용역
C20220116,C20220116,환경사업부,준공,송지천 등 5개 하천 하천재해예방사업 전략 및 소규모환경영향평가용역,주관사,Z:\06010_환경\1팀\03.전략환경영향평가\20220116┃송지천 등 5개하천 재해예방사업 전략 및 소규모환경영향평가 용역
C20220123,C20220123,상하수도부,준공,군산공업용수도 노후관 개량사업(1차) 기본 및 실시설계용역,비주관사,Z:\07010_상하수도\Y20220123 군산공업용수도 노후관 개량사업(1차) 기본 및 실시설계
C20220125,C20220125,철도건설관리부,준공,충북선 증평~도안 등 5개소 방음벽 설치공사 감독권한대행 등 건설사업관리용역,주관사,No folder
C20220126,C20220126,철도건설관리부,준공,호남선 서대전~가수원 등 6개소 방음벽 설치공사 감독권한대행 등 건설사업관리용역,비주관사,No folder
C20220134,C20220134,도시계획부,준공,경기21 공공주택 03지구 및 04지구 사업타당성조사 용역,주관사,Z:\04010_도시계획\2팀\2022-134. 경기21 공공주택 03지구 및 04지구 사업타당성조사 용역
C20220147,C20220147,건설사업관리부,진행,서거차항 정비공사 건설사업관리용역,주관사,No folder
C20220149,C20220149,환경사업부,준공,보청천권역 하천기본계획수립 전략환경영향평가용역,비주관사,Z:\06010_환경\1팀\03.전략환경영향평가\@완료\20220149┃보청천권역 하천기본계획수립 전략환경영향평가
C20220150,C20220150,항만부,준공,신규 항만 기본계획 수립용역,비주관사,Z:\07010_항만\20220150 (공동수행) 신규 항만 기본계획 수립용역
C20220151,C20220151,상하수도부,진행,광양만권경제자유구역 경도지구 오수처리계획 변경 용역,주관사,Z:\07010_상하수도\Y20220151 광양만권경제자유구역 경도지구 오수처리계획 변경 용역
C20220163,C20220163,교통부,준공,광양시 도로건설 관리계획 및 농어촌도로 기본계획 수립 용역,주관사,Z:\01050_교통\20220163 광양시 도로건설 관리계획 및 농어촌도로 기본계획 수립 용역
C20220166,C20220166,도로부,준공,풍암교차로 정체구간 교통처리 개선사업 기본 및 실시설계용역,주관사,Z:\01010_도로\20220166_풍암교차로 정체구간 교통처리개선사업 기본 및 실시설계 용역(광주광역시)
C20220170,C20220170,도로부,진행,신림~봉천터널 도로건설공사(1공구) 지하차도진출입부 위치변경 설계용역 인력지원,주관사,Z:\01010_도로\20220170_신림-봉천터널 도로건설공사(1공구) 지하차도 진출입부 위치변경 설계용역 인력지원
C20220185,C20220185,조경레저부,진행,(재)삼성개발공원묘원 자연장지 조성사업 도시관리계획 변경 및 실시계획인가 용역,주관사,Z:\04030_조경\2팀\20220185_(주)삼성개발공원묘원 자연장지 조성사업 도시관리계획 변경 및 실시계획인가 용역
C20220186,C20220186,환경사업부,진행,(재)삼성개발공원묘원 자연장지 조성사업 도시관리계획 변경 및 실시계획인가 용역(환경),주관사,Z:\06010_환경\2팀\01.환경영향평가\2022186┃삼성개발공원묘원 자연장지 조성사업(환경)
C20220187,C20220187,조경레저부,진행,(재)삼성개발공원묘원 자연장지 조성사업 도시관리계획 변경 및 실시계획인가 용역(재해),주관사,Z:\04030_조경\2팀\20220187_(주)삼성개발공원묘원 자연장지 조성사업 도시관리계획 변경 및 실시계획인가 용역(재해)
C20220188,C20220188,교통부,준공,무주 설천~무풍 도로시설개량공사 교통영향평가용역,주관사,"Z:\01050_교통\0000005  준공 프로젝트   ▶ 준공된 과업(AS포함)은 폴더전체를 이동시켜 주세요\01 교통법정계획(준공폴더, 삭제금지, 주의요망)\20220188 무주 설천~무풍 도로시설개량공사 교통영향평가"
C20220190,C20220190,환경사업부,준공,파크골프장 추가 조성 소규모환경영향평가 용역,주관사,Z:\06010_환경\2팀\04.소규모환경영향평가\20220190ㅣ파크골프장 추가조성 소규모환경영향평가
C20220210,C20220210,도시계획부,준공,베트남 흥옌성 산업단지 1구역 사업타당성 조사용역,주관사,Z:\04010_도시계획\2팀\00 준공과업\2022-210. 베트남 흥옌성 산업단지 1구역 사업타당성 조사용역
C20220215,C20220215,도시계획부,준공,에티오피아 아디스아바바 강변개발 마스터플랜 수립지원 및 Sheger강 상류 수질 및 수변정화 사업 PMC 용역,비주관사,Z:\03010_철도\B20220215 탄자니아 Dar Es Salaam~Tabora(840.172km) 철도트랙 및 구조물(교량 및 암거) 개량사업 실시설계 및 조달 준비
C20220218,C20220218,도로부,진행,제천~영월간 고속도로 건설공사 기본 및 실시설계(제4공구),주관사,Z:\01010_도로\20220218_제천~영월간 고속도로 건설공사기본 및 실시설계용역(4공구)
C20220219,C20220219,수자원부,준공,소하천구역 지정 및 지형도면고시(후동소하천 외 2개소 소하천정비사업) 용역,주관사,Z:\05010_수자원\20220219 소하천구역 지정 및 지형도면고시(후동소하천 외 2개소 소하천정비사업) 용역
C20220223,C20220223,구조부,준공,영동대로 지하공간 복합개발 4공구 건설공사(토목) 변경설계,비주관사,Z:\01030_구조\20220223 영동대로 지하공간 복합개발 4공구 변경설계
C20220229,C20220229,건설사업관리부,준공,석계지구 자연재해위험개선지구 정비사업 건설사업관리(감독권한대행) 용역,주관사,No folder
C20220233,C20220233,건설사업관리부,준공,통영 풍화일주도로 건설공사(2차) 외 1건 감독권한대행 등 건설사업관리용역,비주관사,No folder
C20220238,C20220238,건설사업관리부,준공,해양레저관광 거점 조성사업(해양시설물 공사) 건설사업관리용역,주관사,No folder
C20220240,C20220240,환경사업부,준공,성남복정2 공공주택지구 환경보전방안 검토서 작성용역(3차),주관사,Z:\06010_환경\1팀\01.환경영향평가\@완료\20220240ㅣ성남복정2 환경보전방안(3차)
C20220241,C20220241,철도설계부,진행,천안~청주공항 복선전철 노반 기본 및 실시설계용역,주관사,Z:\03010_철도\20220241 천안~청주공항 복선전철 노반 기본 및 실시설계용역
C20220243,C20220243,환경사업부,진행,태안 근흥 정죽~두야 도로건설공사 전략 및 환경영향평가,주관사,Z:\06010_환경\1팀\01.환경영향평가\20220243┃태안 근흥 정죽~두야 전략 및 환경영향평가
C20220247,C20220247,건설사업관리부,진행,영주국토 도로관리(2권역) 통합건설사업관리용역(2022),주관사,No folder
C20220251,C20220251,환경사업부,준공,위례신사선 도시철도 민간투자사업 환경영향평가 용역,주관사,Z:\06010_환경\2팀\01.환경영향평가\2022251ㅣ위례신사선 도시철도 민간투자사업 환경영향평가
C20220252,C20220252,철도건설관리부,진행,경부고속철도 갑천교 외 9개 교량 내진성능보강공사 감독권한대행 등 건설사업관리용역,주관사,No folder
C20220253,C20220253,철도건설관리부,진행,경부고속철도 팔곡고가 외 7개 교량 내진성능보강공사 감독권한대행 등 건설사업관리용역,비주관사,No folder
C20220261,C20220261,상하수도부,준공,광역 및 공업용수도 자산관리체계 시범구축 확대 용역(3권역),비주관사,Z:\07010_상하수도\Y20220261 광역 및 공업용수도 자산관리체계 시범구축 확대 용역(3권역)
C20220262,C20220262,도시계획부,준공,경남항공 국가산단 스마트그린산단 종합계획 수립,비주관사,Z:\04010_도시계획\창원팀\2022-262. 경남항공 국가산단 스마트그린산단 종합계획 수립
C20220267,C20220267,수자원부,준공,용동천 외 1개 하천 재해복구사업 실시설계용역,주관사,Z:\05010_수자원\20220267 용동천 외 1개 하천 재해복구사업 실시설계용역
C20220271,C20220271,건설사업관리부,준공,2022년도 의정부국토 동부권역 도로운영분야 통합 건설사업관리용역,주관사,No folder
C20220273,C20220273,건설사업관리부,진행,"국가하천 배수영향구간 하천환경정비사업(대반천, 도대천) 건설사업관리용역",주관사,No folder
C20230003,C20230003,도시계획부,준공,당진 성장관리계획구역 지정 및 성장관리계획 수립 용역,주관사,Z:\07010_상하수도\[준공] Y2017159 논산시 노성 읍내지구 공공하수도 설치사업 기본 및 실시설계\04. 준공사업관리\03. 준공 후 검토의견 요청 등\[2023.03.02] 항공학교 가시설 및 맨홀펌프장 검토의견 요청
C20230007,C20230007,상하수도부,준공,봉화군 물 재이용 관리계획(변경) 수립 용역,주관사,Z:\07010_상하수도\Y20230007 봉화군 물 재이용 관리계획(변경) 수립 용역
C20230008,C20230008,교통부,준공,대중교통 실태분석 및 버스체계 용역,주관사,Z:\01050_교통\20230008 대중교통 실태분석 및 버스체계 용역
C20230018,C20230018,도로부,진행,제2경춘국도(남양주~춘천) 도로건설공사(제3공구) 실시설계용역,비주관사,Z:\01010_도로\20230018_제2경춘국도(남양주~춘천)도로건설공사(제3공구) 실시설계용역(원주청)
C20230025,C20230025,조경레저부,진행,Amgalan Botanical Garden Construction Project(몽골 Amgalan 식물원 조성사업),주관사,Z:\04030_조경\1팀\20230025_Amgalan Botanical Garden Construction Project
C20230029,C20230029,구조부,준공,남양주왕숙 국도47호선 이설(지하화)공사 T/K 입찰(기본)설계 용역,비주관사,Z:\01030_구조\20230029_남양주왕숙 국도47호선 이설(지하화)공사 실시설계 용역
C20230031,C20230031,수자원부,준공,보성군 조성 자연재해위험 개선지구 정비사업 타당성조사 및 기본계획수립용역,주관사,Z:\05010_수자원\20230031 보성군 조성 자연재해위험개선지구 정비사업 타당성조사 및 기본계획수립 용역
C20230037,C20230037,수자원부,준공,소하천구역 지정 및 지형도면고시 용역(봉산소하천 외 4개소 소하천정비사업),주관사,Z:\05010_수자원\20230037 소하천구역 지정 및 지형도면고시 용역(봉산소하천 외 4개소 소하천정비사업)
C20230040,C20230040,도로부,진행,신림~봉천 터널 도로건설공사(1공구) 환기시설 기준 변경 설계 인력지원,주관사,Z:\01010_도로\20230040_신림봉천 터널 도로건설공사(1공구) 환기시설 기준 변경 설계 인력지원
C20230041,C20230041,상하수도부,준공,창원남천유역 비점오염저감시설 설치사업 기본 및 실시설계 용역,주관사,Z:\07010_상하수도\Y20230041 창원남천유역 비점오염저감시설 설치사업 기본 및 실시설계용역
C20230044,C20230044,도시계획부,준공,우주발사체 사이언스 콤플렉스 조성 타당성조사 기획연구,주관사,Z:\04010_도시계획\2팀\2023-044. 우주발사체 사이언스 콤플렉스 조성 타당성조사 기획연구
C20230045,C20230045,교통부,준공,진도군 도로건설 관리계획 및 농어촌도로 기본계획 수립용역,주관사,"Z:\01050_교통\0000005  준공 프로젝트   ▶ 준공된 과업(AS포함)은 폴더전체를 이동시켜 주세요\01 교통법정계획(준공폴더, 삭제금지, 주의요망)\20230045 진도군 도로건설 관리계획 및 농어촌도로 기본계획 수립용역"
C20230046,C20230046,환경사업부,준공,당본지구 급경사지 붕괴위험지역 정비사업 소규모환경영향평가 용역,주관사,Z:\06010_환경\1팀\04.소규모환경영향평가\20230046┃당본지구 급경사지 붕괴위험지역 정비사업 소규모환경영향평가 용역
C20230053,C20230053,교통부,준공,김포시 도로건설 관리계획 수립 용역,비주관사,Z:\01050_교통\20230053 김포시 도로건설 관리계획 수립용역
C20230061,C20230061,철도설계부,준공,태백선 태백~문곡 등 14개소 방음벽 개량공사 실시설계 용역,주관사,Z:\03010_철도\20230061 태백선 태백~문곡 14개소 방음벽 개량공사 실시설계용역000000000000000000000000
C20230062,C20230062,건설사업관리부,진행,강릉국토 도로안전운영과 도로운영사업(영동권역) 통합건설사업관리용역,주관사,No folder
C20230066,C20230066,도로부,준공,국지도23호선 안성 대덕~용인 남사 도로건설공사 등 사전기획조사용역,주관사,Z:\01010_도로\20230066_국지도23호선 안성 대덕~용인 남사 도로건설공사 등 사전기획조사용역(서울청)
C20230078,C20230078,안전진단부,준공,국도35호선 하방교 등 7개소 정밀안전점검 기술용역,주관사,Z:\01060_안전진단\20230078_국도35호선 하방교 등 7개소 정밀안전점검 기술용역
C20230079,C20230079,안전진단부,준공,국도58호선 삼랑진교 등 8개소 정밀안전점검 등 기술용역,주관사,Z:\01060_안전진단\20230079_국도58호선 삼랑진교 등 8개소 정밀안전전점검 등 기술용역
C20230080,C20230080,철도설계부,진행,신분당선 광교~호매실 복선전철 제1공구 건설공사(T/K) 실시설계,비주관사,Z:\03010_철도\C20230080 신분당선 광교~호매실 복선전철 제1공구 건설공사(TK) 실시설계
C20230087,C20230087,공항및인프라사업부,준공,(용역)새만금국제공항 건설공사 기본설계 설계용역(공항/토질 및 기초),주관사,Z:\01020_공항인프라\1. 진행사업\C20230087_(용역)새만금국제공항 건설공사 기본설계 설계용역(공항토질 및 기초)
C20230089,C20230089,교통부,준공,수원시 주차장 수급실태조사 및 타당성 조사용역,주관사,"Z:\01050_교통\0000005  준공 프로젝트   ▶ 준공된 과업(AS포함)은 폴더전체를 이동시켜 주세요\01 교통법정계획(준공폴더, 삭제금지, 주의요망)\20230089 수원시 주차장 수급실태 및 타당성 조사용역"
C20230091,C20230091,안전진단부,준공,2023년도 구조물 정밀안전진단 및 성능평가 용역(대전충남 P6),비주관사,Z:\01060_안전진단\20230091_2023년도 구조물 정밀안전진단 및 성능평가 용역(대전충남 P6)
C20230092,C20230092,안전진단부,준공,2023년도 구조물 정밀안전진단 및 성능평가 용역(수도권 P3),비주관사,Z:\01060_안전진단\20230092_2023년도 구조물 정밀안전진단 및 성능평가 용역(수도권 P3)
C20230094,C20230094,철도건설관리부,진행,평택~오송 2복선화 제4공구 건설공사(T/K) 감독권한대행 등 건설사업관리용역,비주관사,No folder
C20230098,C20230098,항만부,준공,용기포항 배후부지 활용방안 기본구상용역,비주관사,Z:\07010_항만\20230098 (지분외주) 용기포항 배후부지 활용방안 기본구상용역
C20230099,C20230099,상하수도부,준공,동해북부 단위유역 유역하수도 정비계획 변경수립용역,비주관사,Z:\07010_상하수도\Y20230099 동해북부 단위유역 유역하수도정비 기본계획
C20230107,C20230107,상하수도부,준공,합천군 정수장 기술진단 용역,주관사,No folder
C20230117,C20230117,안전진단부,준공,2023년도 구조물 정밀안전점검·진단 및 성능평가 통합 용역(충북 S3),비주관사,Z:\01060_안전진단\20230117_2023년도 구조물 정밀안전점검 진단 및 성능평가 통합 용역(충북 S3)
C20230119,C20230119,교통부,준공,성남시 도시교통정비 중기계획 수립 용역,주관사,Z:\01050_교통\20230119 성남시 도시교통정비 중기계획 수립용역
C20230121,C20230121,도시계획부,준공,베트남 하남 신도시 개발사업 예비 타당성조사,비주관사,Z:\04010_도시계획\2팀\00 준공과업\2023-121. 베트남 하남신도시 개발사업 예비타당성조사
C20230123,C20230123,상하수도부,준공,청도군 물 재이용 관리계획(변경) 수립 용역,주관사,Z:\07010_상하수도\Y20230123 청도군 물 재이용 관리계획(변경) 수립 용역
C20230124,C20230124,상하수도부,준공,새다리 중계펌프장 주변 침수원인 조사용역,주관사,Z:\07010_상하수도\Y20230124 새다리 중계펌프장 주변 침수원인 조사용역
C20230125,C20230125,수자원부,준공,귀조천외 2개소 소하천 정비사업 실시설계용역,주관사,Z:\05010_수자원\20230125 귀조천외 2개소 소하천정비사업 실시설계 용역
C20230128,C20230128,구조부,준공,2023년 교량 내진성능평가 및 내진보강 설계용역(1구간),비주관사,Z:\01030_구조\20230128 2023년 교량 내진성능평가 및 내진보강 설계용역(1구간)
C20230136,C20230136,도로부,준공,호국로(학정삼거리) 입체화사업 기본 및 실시설계용역,주관사,Z:\01010_도로\20230136_호국로(학정삼거리)입체화사업 기본 및 실시설계용역(대구광역시 도시건설본부)
C20230142,C20230142,수자원부,준공,산장지구 다목적농촌용수개발사업 기본계획 용역,비주관사,Z:\05010_수자원\20230142 산장지구 다목적농촌용수개발사업 기본계획 용역
C20230143,C20230143,수자원부,준공,덕산지구 배수개선사업 세부설계 용역,주관사,No folder
C20230144,C20230144,수자원부,준공,고천암3지구 배수개선사업 세부설계 용역,비주관사,No folder
C20230146,C20230146,수자원부,준공,양화 자연재해위험 개선지구 정비사업 실시설계용역,주관사,Z:\05010_수자원\20230146 양화 자연재해위험개선지구 정비사업 실시설계 용역
C20230147,C20230147,철도설계부,준공,2023년 인천1호선 계양~예술회관 궤도시설 정밀진단 용역,주관사,Z:\03010_철도\C20230147 2023년 인천1호선 계양~예술회관 궤도시설 정밀진단 용역
C20230149,C20230149,도로부,진행,수서역세권 공공주택지구 조사설계용역 중 밤고개로 보완설계 및 실시계획 변경인가,주관사,"Z:\01010_도로\20230149_수서역세권 공공주택지구 조사설계용역 중 밤고개로 보완설계 및 실시계획 변경인가(LH-도화,동명,선진)"
C20230153,C20230153,도로부,진행,고속국도 제55호 중앙선(김해공항~대동) 확장공사 타당성 및 기본설계 엔지니어링,주관사,Z:\01010_도로\20230153_고속국도 제55호 중앙선(김해공항～대동) 확장공사타당성 및 기본설계(도로공사)
C20230158,C20230158,항만부,준공,울산 남신항 2단계 철재부두 축조공사 기본 및 실시설계용역,비주관사,Z:\07010_항만\20230158 (공동수행) 울산 남신항 2단계 철재부두 축조공사 기본 및 실시설계용역
C20230162,C20230162,지반부,준공,고성 천연가스발전 건설사업 소규모 지하안전평가 용역,주관사,No folder
C20230166,C20230166,상하수도부,준공,(2023/24 KSP-IDB 공동컨설팅) 아르헨티나 하수처리수 재이용 계획 수립 용역,주관사,Z:\07010_상하수도\Y20230166 (2023-24 KSP-IDB 공동컨설팅) 아르헨티나 하수처리수 재이용 계획 수립
C20230171,C20230171,상하수도부,준공,호산동 일원 노후하수관로 정비사업 실시설계용역,주관사,Z:\07010_상하수도\Y20230171 호산동 일원 노후 하수관로 정비사업 실시설계용역
C20230172,C20230172,철도설계부,준공,수서~광주 복선전철 제2공구 건설공사(T/K) 기본설계용역 [설계비],비주관사,Z:\03010_철도\C20230172 수서~광주 복선전철 제2공구 건설공사(TK) 기본설계용역 [설계비]
C20230173,C20230173,플랫폼사업실,진행,백령도 소형공항 건설사업 타당성평가 및 기본계획수립 중 측량분야,주관사,Z:\10010_플랫폼사업실\20230173_백령도 소형공항 건설사업 타당성평가 및 기본계획수립 중 측량분야
C20230177,C20230177,환경사업부,준공,안양천 파크골프장18홀 소규모 환경영향평가 용역,주관사,No folder
C20230179,C20230179,철도설계부,준공,2023년 3호선 지축~대청간 궤도시설 정밀진단 및 성능평가용역,비주관사,Z:\03010_철도\C20230179 2023년 3호선 지축~대청간 궤도시설 정밀진단 및 성능평가용역
C20230182,C20230182,교통부,준공,남해 서면-여수 신덕 국도건설공사 교통안전시설진단 및 교통영향평가용역,주관사,"Z:\01050_교통\0000005  준공 프로젝트   ▶ 준공된 과업(AS포함)은 폴더전체를 이동시켜 주세요\02 교평 및 광역(준공폴더, 삭제금지, 주의요망)\20230182 남해 서면~여수 신덕 교통영향평가 및 교통시설안전진단 용역"
C20230183,C20230183,상하수도부,준공,승기하수처리구역 하수관로 기술진단 용역,비주관사,Z:\07010_상하수도\Y20230183 승기하수처리구역 하수관로 기술진단 용역
C20230185,C20230185,도로부,진행,성남~장호원(6-1공구) STA.1+742지점 교량설계 용역,주관사,Z:\01010_도로\20230185_성남~장호원(6-1공구) STA.1+742지점 교량설계 용역
C20230190,C20230190,건설사업관리부,준공,구례군 지구단위종합복구사업(하천) 통합건설사업관리 용역,비주관사,No folder
C20230191,C20230191,도로부,진행,소양교 보도육교 실시설계 용역계약,주관사,Z:\01010_도로\20230191_소양교 보도육교 실시설계용역
C20230193,C20230193,도로부,준공,2023년 6~7월 집중호우 지방도 재해복구사업 실시설계용역,주관사,Z:\01010_도로\20230193_2023년 6~7월 집중호우 지방도 재해복구사업 실시설계용역(경상북도)
C20230196,C20230196,수자원부,준공,병산항지구 자연재해위험개선지구 지정 타당성조사 및 기본계획수립 용역,주관사,Z:\05010_수자원\20230196 병산항지구 자연재해위험개선지구 지정 타당성조사 및 기본계획수립 용역
C20230198,C20230198,지반부,진행,반지1구역 재건축사업 소규모 지하안전평가 용역,주관사,Z:\01040_지반\준공 및 진행(과거~2024)\002.진행 프로젝트\C20230198_반지1구역재건축사업소규모지하안전평가용역
C20230199,C20230199,환경사업부,진행,용인~광주 고속화도로 민간투자사업 전략환경영향평가 용역,주관사,Z:\06010_환경\1팀\03.전략환경영향평가\20230199ㅣ용인~광주 고속화도로 민간투자사업 전략환경영향평가
C20230202,C20230202,환경사업부,준공,안양천 파크골프장 소규모환경영향평가 용역,주관사,Z:\06010_환경\1팀\04.소규모환경영향평가\@완료\(완료) 20230202┃안양천 금천구 파크골프장 소규모환경영향평가 용역
C20230205,C20230205,수자원부,준공,대연지구 자연재해위험개선지구지정 타당성 조사 및 기본계획수립 용역,주관사,Z:\05010_수자원\20230205 대연지구 자연재해위험개선지구 타당성 조사 및 기본계획 용역
C20230206,C20230206,도시철도부,준공,수도권광역급행철도 B노선 민간투자사업 노반궤도분야 실시설계 건설사업관리용역,비주관사,No folder
C20230208,C20230208,항만부,준공,동해항 남부두(1단계) 13번선석 개선사업 실시설계용역,주관사,Z:\01020_공항인프라\2. 준공사업\20230208_공항인프라사업부-도로부 이관사업(완료)
C20230209,C20230209,지반부,준공,여수 화태~백야 도로건설공사 1공구 앵커리지 관리터널 변경설계 용역,주관사,Z:\01010_도로\20230209_서울청 국도체계 수립방안(가칭)
C20230211,C20230211,건설사업관리부,준공,울산 미포국가산단 맞춤형 공업용수 통합공급사업 건설사업관리용역,주관사,No folder
C20230216,C20230216,구조부,준공,광주송정~순천 철도건설 제4공구 건설공사 입찰설계 (구조),주관사,Z:\01030_구조\20230216 광주송정~순천 철도건설 제4공구 건설공사 기본설계
C20230218,C20230218,도시계획부,준공,고성군 성장관리계획구역 지정 및 관리계획 수립 용역,비주관사,Z:\04010_도시계획\창원팀\2023-218. 고성군 성장관리계획구역 지정 및 관리계획 수립 용역
C20230221,C20230221,항만부,준공,금음항·하서항 어촌신활력증진사업 기본 및 실시설계 용역,비주관사,Z:\07010_항만\20230221 (지분외주) 금음항·하서항 어촌신활력증진사업 기본 및 실시설계 용역
C20230222,C20230222,환경사업부,진행,평택~오송 2복선화 건설사업 사후환경영향조사용역,주관사,Z:\06010_환경\2팀\02.사후환경영향조사\20230222ㅣ평택~오송 2복선화 건설사업 사후환경영향조사용역
C20230223,C20230223,수자원부,준공,용문 내지천 재해복구 개선사업 기본 및 실시설계 용역,주관사,Z:\05010_수자원\20230223 용문 내지천 재해복구 개선사업 기본 및 실시설계 용역
C20230225,C20230225,지반부,준공,여수 화태~백야 도로건설공사 1공구 관리터널 확인 조사 및 변경설계 안정성검토 중 갱구비탈면 보강공법 설계용역,주관사,Z:\01040_지반\준공 및 진행(과거~2024)\002.진행 프로젝트\C20230225_여수 화태~백야 도로건설공사 1공구 관리터널 확인 조사 및 변경설계 안정성검토 중 갱구비탈면 보강공법 설계용역
C20230229,C20230229,철도설계부,준공,하천횡단 철도교량 중장기 개량계획 수립 용역,비주관사,Z:\03010_철도\C20230229 하천횡단 철도교량 중장기 개량계획 수립 용역
C20230234,C20230234,환경사업부,준공,남한강 에스파크CC 사후환경영향조사용역(공사시) 및 환경보전방안 (1분기),주관사,Z:\06010_환경\1팀\02.사후환경영향조사\20240009 I 남한강 에스파크CC 조성사업 사후환경영향조사 용역\20230234 I 남한강 에스파크CC 사후환경영향조사용역(공사시) 및 환경보전방안 (1분기)
C20230235,C20230235,교통부,준공,옥정~포천 광역철도 건설사업 교통영향평가 용역,주관사,Z:\01050_교통\20230235 옥정~포천 광역철도 건설사업 교통영향평가 용역
C20230236,C20230236,공항및인프라사업부,준공,지방공항 개발 로드맵 수립용역,주관사,Z:\01020_공항인프라\1. 진행사업\C20230236_지방공항 개발 로드맵 수립용역
C20230240,C20230240,구조부,준공,고속국도 제30호 서산~영덕선 대산~당진간 건설공사(제3공구) 대안제시형 낙찰제 설계용역,주관사,Z:\01030_구조\20230240 고속국도 제30호 서산-영덕선(대산-당진간)건설공사 제3공구 대안제시형 낙찰제 설계용역
C20230241,C20230241,철도건설관리부,진행,"월곶~판교 복선전철 제4,5공구 노반신설 기타공사 감독권한대행 등 건설사업관리용역",비주관사,No folder
C20230244,C20230244,철도건설관리부,진행,월곶~판교 복선전철 제3공구 노반신설 기타공사 감독권한대행 등 건설사업관리용역,주관사,No folder
C20230245,C20230245,안전진단부,준공,국도42호선 복술1교 등 20개 교량 정밀안전점검 및 성능평가 용역,주관사,Z:\01060_안전진단\20230245_국도42호선 복술1교 등 20개 교량 정밀안전점검 및 성능평가 용역
C20230246,C20230246,철도설계부,준공,2023년 경전선 순천~이양간 외 6개소 궤도 정밀진단 및 성능평가 용역,비주관사,Z:\03010_철도\C20230246 2023년 경전선 순천~이양간 외 6개소 궤도 정밀진단 및 성능평가 용역
C20230247,C20230247,철도설계부,준공,경북선 김천~옥산간 외 1개소 궤도 정밀진단 및 성능평가 용역,비주관사,Z:\03010_철도\C20230247 경북선 김천~옥산간 외 1개소 궤도 정밀진단 및 성능평가 용역
C20240002,C20240002,안전진단부,준공,2024년도 경부고속선 광명~천안아산간 해창터널 외 5개소 시설물 1종 정밀안전진단 및 성능평가 용역,비주관사,Z:\01010_도로\2017045_하남감일 공공주택지구 주변도로 조사설계용역(LH)\45. 한국도로공사 사업구간 설계변경 성과품_2024.02
C20240004,C20240004,도로부,준공,국도31호선 영월군 북면 문곡~연덕 도로 조사 기술지원,주관사,Z:\01010_도로\20240004 국도31호선 영월군 북면 문곡_연덕 도로조사 기술지원(오대ENG)
C20240005,C20240005,철도건설관리부,진행,수도권광역급행철도 B노선(용산~상봉) 제4공구 건설공사(T/K) 감독권한대행 등 건설사업관리용역,주관사,Z:\01010_도로\2017045_하남감일 공공주택지구 주변도로 조사설계용역(LH)\48. 실시계획인가_2024.05
C20240006,C20240006,항만부,준공,신창1리항·조사리항 어촌신활력증진사업(유형3) 기본 및 실시설계용역,비주관사,Z:\07010_상하수도\[준공] Y2017159 논산시 노성 읍내지구 공공하수도 설치사업 기본 및 실시설계\04. 준공사업관리\03. 준공 후 검토의견 요청 등\[2024.06.03] 게이트
C20240008,C20240008,철도설계부,준공,신탄진-매포간 맥포터널 긴급수해복구 설계용역,주관사,Z:\03010_철도\C20240008 신탄진-매포간 맥포터널 긴급수해복구 설계용역
C20240021,C20240021,환경사업부,준공,아산연수원 內 환경영향평가 용역,주관사,Z:\06010_환경\1팀\04.소규모환경영향평가\@완료\(완료) 20240021ㅣ아산연수원 內 야영장 조성에 대한 소규모 환경영향평가 용역
C20240025,C20240025,철도건설관리부,진행,인덕원~동탄 복선전철 제2공구 노반건설공사 감독권한대행 등 건설사업관리용역,비주관사,No folder
C20240027,C20240027,도시철도부,준공,서문시장역 대합실 증축 및 연결통로 기타공사 건설부문 실시설계 용역,주관사,Z:\06010_환경\1팀\07.기타\20240027ㅣ서문시장역 대합실 증축 및 연결통로 기타공사 건설부문 실시설계 용역
C20240029,C20240029,도로부,준공,북면 농어촌도로103호(백담선) 도로교통 개선사업 타당성조사 및 기본계획 검토 용역,주관사,Z:\01010_도로\20240029 북면농어촌도로 103호(백담선)도로교통개선사업 타당성조사 및 기본계획 검토용역(인제군)
C20240031,C20240031,교통부,준공,양산시 주차장 수급 및 안전관리 실태조사 용역,주관사,Z:\01050_교통\20240031 양산시 주차장 수급 및 안전관리 실태조사 용역
C20240037,C20240037,철도설계부,진행,서원주정거장 입체화 기본 및 실시설계 용역,주관사,Z:\03010_철도\C20240037 서원주정거장 입체화 기본 및 실시설계 용역
C20240038,C20240038,안전진단부,준공,"명도초등학교 외 6교 제2,3종 옹벽 상반기 정기안전점검용역",주관사,"Z:\01060_안전진단\20240038_명도초등학교 외 6교 제 2,3종 옹벽 상반기 정기안전점검용역"
C20240042,C20240042,도로부,준공,수도교~벌리신호등 간 도시계획도로 개설 실시설계(보완) 용역,주관사,Z:\01010_도로\0003 준공사업\20240042_수도교-벌리신호등간 도시계획도로 개설 실시설계(보완)(사천시-외부 유출 절대금지. 사천시 업체와 소송중)
C20240043,C20240043,지반부,준공,2024년 비탈면·옹벽 정밀안전점검 및 성능평가용역 12권역(고령),주관사,"Z:\01040_지반\준공 및 진행(과거~2024)\001.준공 프로젝트\C20240043_2024년 비탈면,옹벽 정밀안전점검 및 성능평가용역 12권역(고령)"
C20240047,C20240047,철도설계부,진행,경부선(아포~구미) 횡단 통로박스 개설사업 실시설계 용역,주관사,Z:\03010_철도\C20240047 경부선(아포~구미) 횡단 통로박스 개설사업 실시설계 용역
C20240048,C20240048,조경레저부,진행,고속국도 제14호선 함양~합천 조경설계 엔지니어링,주관사,Z:\04030_조경\3팀\20240048_고속국도 제14호선 함양~합천 조경설계 엔지니어링
C20240053,C20240053,안전진단부,준공,국도20호선 덕산1교 등 10개소 정밀안전점검 기술용역,주관사,Z:\01060_안전진단\20240053_국도20호선 덕산1교 등 10개소 정밀안전점검 기술용역
C20240054,C20240054,안전진단부,준공,국도2호선 완암교(상) 등 2개소 정밀안전진단 등 기술용역,주관사,Z:\01060_안전진단\20240054_국도2호선 완암교(상) 등 2개소 정밀안전진단 등 기술용역
C20240058,C20240058,환경사업부,준공,우가항 어촌정주어항 지정 및 어항개발계획수립 일반해역이용협의용역,주관사,No folder
C20240060,C20240060,환경사업부,준공,성남복정1 공공주택지구 환경보전방안 검토서 작성용역(2차),주관사,Z:\06010_환경\1팀\01.환경영향평가\@완료\20240060 l 성남복정1 환경보전방안(2차)
C20240061,C20240061,안전진단부,준공,2024년 구조물 정밀안전진단 및 성능평가 용역(충북 S5),비주관사,Z:\01060_안전진단\20240061_2024년 구조물 정밀안전진단 및 성능평가 용역 (충북 S5)
C20240063,C20240063,조경레저부,준공,남부권 진해 벚꽃로드 관광경관 명소화 기본계획 수립 및 타당성조사 용역,주관사,No folder
C20240065,C20240065,안전진단부,준공,태재육교 등 16개소 교량 정밀안전점검 용역,주관사,Z:\01060_안전진단\20240065_태재육교 등 16개소 교량 정밀안전점검 용역
C20240069,C20240069,지반부,준공,사천일반산업단지 재생사업 공용주차장 건립(3부지) 소규모 지하안전영향평가 용역,주관사,No folder
C20240081,C20240081,도시철도부,진행,"""옥정-포천 광역철도 3공구 건설공사"" 설계시공 일괄입찰 실시설계용역",비주관사,No folder
C20240083,C20240083,도시계획부,준공,남부화물선 개발제한구역 관리계획변경(경미한 변경) 용역,주관사,No folder
C20240086,C20240086,철도건설관리부,진행,신분당선 광교~호매실 복선전철 제3공구 건설공사(T/K) 감독 권한대행 등 건설사업관리용역,주관사,No folder
C20240088,C20240088,환경사업부,진행,광주송정~순천 철도건설사업 환경영향평가,주관사,No folder
C20240102,C20240102,건설사업관리부,진행,광양항 3단계투기장(1구역) 항만재개발사업 연결도로 건설사업관리용역,비주관사,No folder
C20240104,C20240104,교통부,준공,봉원~상리 3차선 확장공사 교통안전진단용역,주관사,Z:\01050_교통\20240104 봉원~상리 3차선 확장공사 교통안전진단용역
C20240106,C20240106,플랫폼사업실,준공,드론기반 국가어항 안전점검 고도화 방안 연구용역,주관사,No folder
C20240109,C20240109,안전진단부,준공,도안대교(하) 정밀안전진단 및 내진성능평가용역,주관사,Z:\01060_안전진단\20240109_도안대교(하) 정밀안전진단 및 내진성능평가용역
C20240111,C20240111,철도설계부,진행,중앙선 용문차량기지 외 17개소 재해예방공사 실시설계 용역,비주관사,Z:\03010_철도\C20240111 중앙선 용문차량기지 외 17개소 재해예방공사 실시설계용역
C20240113,C20240113,건설사업관리부,진행,미호강 미잠지구 하천정비사업 건설사업관리용역,비주관사,No folder
C20240115,C20240115,교통부,준공,2024년 공용노선 교통시설안전진단 및 소통진단 엔지니어링,비주관사,Z:\01050_교통\20240115 2024년 공용노선 교통시설안전진단 및 소통진단 엔지니어링
C20240124,C20240124,철도설계부,준공,중앙선(제천조차장) 및 태백선 수해복구 실시설계용역,주관사,Z:\03010_철도\C20240124 중앙선(제천조차장) 및 태백선 수해복구 실시설계용역
C20240133,C20240133,지반부,준공,여수 화태~백야 도로건설공사 1공구 노선변경 설계 용역『토질분야설계』,주관사,No folder
C20240135,C20240135,철도설계부,준공,필리핀 마닐라 LRT 2호선 코게오 연장 타당성조사 용역,주관사,Z:\03010_철도\C20240135 필리핀 마닐라 LRT 2호선 코게오 연장 타당성조사 용역
C20240136,C20240136,상하수도부,준공,양산시 수도정비기본계획 부분변경 용역,주관사,Z:\07010_상하수도\Y20240136 양산시 수도정비기본계획 부분변경 용역
C20240140,C20240140,구조부,진행,"""송산그린시티 서측지구 도시물순환 및 블루그린네트워크(1단계) 조성공사(제2공구)"" T/K 기본설계 용역",비주관사,Z:\01030_구조\20240140_송산그린시티 서측지구 도시물순환 및 블루그린네트워크(1단계) 조성공사(제2공구) TK 기본설계 용역
C20240143,C20240143,철도설계부,준공,2024년 수도권서부본부 관내 승강장 및 주차장 개량공사 실시설계용역,주관사,Z:\03010_철도\C20240143 2024년 수도권서부본부 관내 승강장 및 주차장 개량공사 실시
C20240145,C20240145,구조부,준공,고속국도 제30호 서산~영덕선 대산~당진간 건설공사(제3공구) 대안제시형 낙찰제 반영설계용역,주관사,Z:\01030_구조\20240145 고속국도 제30호 서산-영덕선(대산-당진간) 건설공사 (제3공구) 대안제시형 낙찰제 반영설계용역
C20240150,C20240150,철도설계부,준공,2024년 수도권서부본부 운영자산 궤도 정밀진단 및 성능평가용역,비주관사,Z:\03010_철도\C20240150 2024년 수도권서부본부 운영자산 궤도 정밀진단 및 성능평가용역
C20240151,C20240151,도로부,진행,대동~매리 종점부 선형변경 및 실시설계용역,주관사,Z:\01010_도로\20240151_대동~매리 종점부 선형변경 및 실시설계용역(경상남도-남해종합개발)
C20240154,C20240154,철도설계부,준공,경부선 내판~부강간 수해복구공사 실시설계용역,주관사,No folder
C20240172,C20240172,도시철도부,준공,강남역 일대 대심도 빗물배수터널 건설공사(T/K) 기본설계 설계용역,비주관사,No folder
C20240178,C20240178,환경사업부,진행,"월곶~판교 복선전철 건설사업(제2~5, 7, 9~10공구) 사후환경영향조사용역",주관사,"Z:\06010_환경\2팀\02.사후환경영향조사\20240178ㅣ월곶_판교 복선전철 건설사업(제2_5, 7, 9_10공구) 사후환경영향조사용역"
C20240179,C20240179,구조부,진행,서울도시철도7호선 청라국제도시연장 추가정거장(005-1) 건설공사 기술제안 입찰용역,비주관사,Z:\01030_구조\20240179 서울도시철도7호선 청라국제도시연장 추가정거장(005-1)건설공사 기술제안
C20240186,C20240186,안전진단부,준공,서촌1교 외 3개소 내진성능평가 용역,주관사,Z:\01060_안전진단\20240186_서촌1교 외 3개소 내진성능평가 용역
C20240194,C20240194,플랫폼사업실,준공,국가어항 기반시설 재해대응관리 기술개발 기획연구 용역,주관사,No folder
C20240209,C20240209,플랫폼사업실,준공,추팔 1~2리간 도로개설공사 도시관리계획시설(변경) 관련 동영상 촬영,주관사,No folder
C20240234,C20240234,상하수도부,진행,신현통합배수지 블록분할 변경 실시설계 용역,주관사,No folder
C20250001,C20250001,안전진단부,준공,농로포장 및 배수로정비사업 실시설계용역,주관사,Z:\01010_도로\2017045_하남감일 공공주택지구 주변도로 조사설계용역(LH)\53. 편입조서 검토_2025.01현재
R20240001,R20240001,건설사업관리부,준공,스마트시티 혁신기술 발굴사업(자율주행 운전패턴 하이브리드형 아스팔트 보강재),비주관사,No folder
